EIGENVECTOR1.X d	EIGENVECTOR1.Y d	EIGENVECTOR1.Z d	EIGENVECTOR2.X d	EIGENVECTOR2.Y d	EIGENVECTOR2.Z d	EIGENVECTOR3.X d	EIGENVECTOR3.Y d	EIGENVECTOR3.Z d	EIGENVALUE.X d	EIGENVALUE.Y d	EIGENVALUE.Z d	S_1.DIPDIR d	S_1.DIP d	S_2.DIPDIR d	S_2.DIP d	S_3.DIPDIR d	S_3.DIP d	stressratio d	delvaux_str d	regime s	delvaux_rgm s	shmax d	shmin d
0.24665573	0.94814638	-0.20044801	0.40361323	-0.28855220	-0.86823614	-0.88105466	0.13325195	-0.45385747	0.99999900	0.11010000	0.00010000	14.58200850	11.56315843	125.56183096	60.25430972	278.60031534	26.99144623	0.11001111	1.88998889	STRIKE-SLIP	TRANSPRESSIVE	14.58200850	104.58200850
