EIGENVECTOR1.X d	EIGENVECTOR1.Y d	EIGENVECTOR1.Z d	EIGENVECTOR2.X d	EIGENVECTOR2.Y d	EIGENVECTOR2.Z d	EIGENVECTOR3.X d	EIGENVECTOR3.Y d	EIGENVECTOR3.Z d	EIGENVALUE.X d	EIGENVALUE.Y d	EIGENVALUE.Z d	S_1.DIPDIR d	S_1.DIP d	S_2.DIPDIR d	S_2.DIP d	S_3.DIPDIR d	S_3.DIP d	stressratio d	delvaux_str d	regime s	delvaux_rgm s	shmax d	shmin d
-0.06570381	-0.06340412	-0.99582274	0.72402310	0.68370640	-0.09130227	-0.68663932	0.72699757	-0.00098393	1.01055733	-0.27046209	-0.74009525	226.02045493	84.76116458	46.64047527	5.23853040	316.63530651	0.05637501	0.26826177	0.26826177	EXTENSIONAL	PURE EXTENSIVE	999.99000000	316.63530651
