EIGENVECTOR1.X d	EIGENVECTOR1.Y d	EIGENVECTOR1.Z d	EIGENVECTOR2.X d	EIGENVECTOR2.Y d	EIGENVECTOR2.Z d	EIGENVECTOR3.X d	EIGENVECTOR3.Y d	EIGENVECTOR3.Z d	EIGENVALUE.X d	EIGENVALUE.Y d	EIGENVALUE.Z d	S_1.DIPDIR d	S_1.DIP d	S_2.DIPDIR d	S_2.DIP d	S_3.DIPDIR d	S_3.DIP d	stressratio d	delvaux_str d	regime s	delvaux_rgm s	shmax d	shmin d
0.24663620	0.94815493	-0.20043156	0.40363085	-0.28853059	-0.86823513	-0.88105205	0.13323785	-0.45386667	1.00008161	0.11001812	0.00001026	14.58077734	11.56219678	125.55861820	60.25419302	278.59944411	26.99203747	0.11000001	1.88999999	STRIKE-SLIP	TRANSPRESSIVE	14.58077734	104.58077734
