BIN_CENTER d	BIN_ID i	DIR s
12.61672352	999	V
37.53249382	999	V
