RUN i	SIZE i	MIN_DEPTH d	MAX_DEPTH d
1725	22	1724.84000000	1744.84000000
