RUN i	SIZE i	MIN_DEPTH d	MAX_DEPTH d
1738	27	1737.84000000	1757.84000000
