RUN i	SIZE i	MIN_DEPTH d	MAX_DEPTH d
1671	4	1670.85000000	1690.85000000
