RUN i	SIZE i	MIN_DEPTH d	MAX_DEPTH d
1684	7	1683.85000000	1703.85000000
