RUN i	SIZE i	MIN_DEPTH d	MAX_DEPTH d
1693	6	1692.85000000	1712.85000000
