RUN i	SIZE i	MIN_DEPTH d	MAX_DEPTH d
1419	34	1418.85000000	1438.85000000
