RUN i	SIZE i	MIN_DEPTH d	MAX_DEPTH d
1640	15	1639.85000000	1659.85000000
