ID s	D1.DIPDIR d	D1.DIP d	D2.DIPDIR d	D2.DIP d	T1.X d	T1.Y d	T1.Z d	T2.X d	T2.Y d	T2.Z d	ANG d
W_TST_0583	163.83665289	0.00000000	150.04000000	0.00000000	0.27837674	-0.96047196	0.00000000	0.49939528	-0.86637426	0.00000000	13.79665289
W_TST_0582	163.83665289	0.00000000	194.17000000	0.00000000	0.27837674	-0.96047196	0.00000000	-0.24479975	-0.96957366	0.00000000	30.33334711
W_TST_0581	163.83665289	0.00000000	122.75000000	0.00000000	0.27837674	-0.96047196	0.00000000	0.84103901	-0.54097447	0.00000000	41.08665289
W_TST_0580	163.83665289	0.00000000	219.72000000	0.00000000	0.27837674	-0.96047196	0.00000000	-0.63903635	-0.76917654	0.00000000	55.88334711
W_TST_0579	163.83665289	0.00000000	121.88000000	0.00000000	0.27837674	-0.96047196	0.00000000	0.84915610	-0.52814196	0.00000000	41.95665289
W_TST_0578	163.83665289	0.00000000	44.37000000	0.00000000	0.27837674	-0.96047196	0.00000000	0.69928915	0.71483892	0.00000000	119.46665289
