D1.DIPDIR d	D1.DIP d	D2.DIPDIR d	D2.DIP d	T1.X d	T1.Y d	T1.Z d	T2.X d	T2.Y d	T2.Z d	ANG d
186.41108919	23.35957831	186.41108919	36.88390499	-0.10250890	-0.91229349	-0.39650032	-0.08931263	-0.79485127	-0.60019556	13.52432668
186.41108919	23.35957831	186.41108919	44.02986577	-0.10250890	-0.91229349	-0.39650032	-0.08028195	-0.71448136	-0.69503324	20.67028747
186.41108919	23.35957831	186.41108919	12.34675171	-0.10250890	-0.91229349	-0.39650032	-0.10907870	-0.97076239	-0.21382756	11.01282660
186.41108919	23.35957831	186.41108919	58.99137130	-0.10250890	-0.91229349	-0.39650032	-0.05752422	-0.51194547	-0.85708973	35.63179299
186.41108919	23.35957831	186.41108919	17.58811318	-0.10250890	-0.91229349	-0.39650032	-0.10644148	-0.94729204	-0.30217213	5.77146513
186.41108919	23.35957831	186.41108919	23.47979273	-0.10250890	-0.91229349	-0.39650032	-0.10241579	-0.91146478	-0.39842561	0.12021442
