RUN i	SIZE i	MIN_DEPTH d	MAX_DEPTH d
1644	13	1643.85000000	1663.85000000
