RUN i	SIZE i	MIN_DEPTH d	MAX_DEPTH d
1619	21	1618.85000000	1638.85000000
