RUN i	SIZE i	MIN_DEPTH d	MAX_DEPTH d
1408	17	1407.84000000	1427.84000000
