RUN i	SIZE i	MIN_DEPTH d	MAX_DEPTH d
1559	52	1558.85000000	1578.85000000
