RUN i	SIZE i	MIN_DEPTH d	MAX_DEPTH d
1529	19	1528.85000000	1548.85000000
