RUN i	SIZE i	MIN_DEPTH d	MAX_DEPTH d
1710	23	1709.84000000	1729.84000000
