D1.DIPDIR d	D1.DIP d	D2.DIPDIR d	D2.DIP d	T1.X d	T1.Y d	T1.Z d	T2.X d	T2.Y d	T2.Z d	ANG d
332.77287427	29.83488404	332.77287427	59.58000000	-0.39688063	0.77134773	-0.49750220	-0.23165777	0.45023284	-0.86233698	29.74511596
332.77287427	29.83488404	332.77287427	3.70000000	-0.39688063	0.77134773	-0.49750220	-0.45656531	0.88734644	-0.06453231	26.13488404
332.77287427	29.83488404	332.77287427	48.98000000	-0.39688063	0.77134773	-0.49750220	-0.30027995	0.58360182	-0.75448053	19.14511596
332.77287427	29.83488404	332.77287427	24.00000000	-0.39688063	0.77134773	-0.49750220	-0.41796436	0.81232450	-0.40673664	5.83488404
