RUN i	SIZE i	MIN_DEPTH d	MAX_DEPTH d
1728	22	1727.84000000	1747.84000000
