ID s	D1.DIPDIR d	D1.DIP d	D2.DIPDIR d	D2.DIP d	T1.X d	T1.Y d	T1.Z d	T2.X d	T2.Y d	T2.Z d	ANG d	MSFT d
W_TST_0570	104.26896567	0.00000000	321.04000000	0.00000000	0.96914938	-0.24647411	0.00000000	-0.62877769	0.77758512	0.00000000	143.22896568	20514.53661103
W_TST_0571	104.26896567	0.00000000	66.14000000	0.00000000	0.96914938	-0.24647411	0.00000000	0.91453657	0.40450322	0.00000000	38.12896567	1453.81802338
W_TST_0572	104.26896567	0.00000000	173.85000000	0.00000000	0.96914938	-0.24647411	0.00000000	0.10713175	-0.99424483	0.00000000	69.58103433	4841.52033786
W_TST_0573	104.26896567	0.00000000	108.82000000	0.00000000	0.96914938	-0.24647411	0.00000000	0.94653671	-0.32259612	0.00000000	4.55103433	20.71191344
W_TST_0574	104.26896567	0.00000000	86.46000000	0.00000000	0.96914938	-0.24647411	0.00000000	0.99809194	0.06174535	0.00000000	17.80896567	317.15925838
W_TST_0575	104.26896567	0.00000000	216.82000000	0.00000000	0.96914938	-0.24647411	0.00000000	-0.59930307	-0.80052222	0.00000000	112.55103433	12667.73532782
W_TST_0576	104.26896567	0.00000000	208.40000000	0.00000000	0.96914938	-0.24647411	0.00000000	-0.47562421	-0.87964857	0.00000000	104.13103433	10843.27230977
W_TST_0577	104.26896567	0.00000000	110.85000000	0.00000000	0.96914938	-0.24647411	0.00000000	0.93451543	-0.35592262	0.00000000	6.58103433	43.31001280
