RUN i	SIZE i	MIN_DEPTH d	MAX_DEPTH d
1736	28	1735.84000000	1755.84000000
