RUN i	SIZE i	MIN_DEPTH d	MAX_DEPTH d
1674	19	1673.84000000	1693.84000000
