ID s	D1.DIPDIR d	D1.DIP d	D2.DIPDIR d	D2.DIP d	T1.X d	T1.Y d	T1.Z d	T2.X d	T2.Y d	T2.Z d	ANG d
W_TST_0486	252.91941801	0.00000000	31.74539594	0.00000000	-0.95589261	-0.29371638	0.00000000	0.52614559	0.85039451	0.00000000	138.82597794
W_TST_0485	252.91941801	0.00000000	234.89935734	0.00000000	-0.95589261	-0.29371638	0.00000000	-0.81814327	-0.57501443	0.00000000	18.02006067
W_TST_0484	252.91941801	0.00000000	232.35329399	0.00000000	-0.95589261	-0.29371638	0.00000000	-0.79179201	-0.61079081	0.00000000	20.56612402
