RUN i	SIZE i	MIN_DEPTH d	MAX_DEPTH d
1797	19	1796.84000000	1816.84000000
