ID s	D1.DIPDIR d	D1.DIP d	D2.DIPDIR d	D2.DIP d	T1.X d	T1.Y d	T1.Z d	T2.X d	T2.Y d	T2.Z d	ANG d	MSFT d
W_TST_0571	116.07393433	24.06658188	116.07393433	51.63000000	0.82014666	-0.40132315	-0.40779797	0.55756344	-0.27283305	-0.78401858	27.56341812	759.74201871
W_TST_0572	116.07393433	24.06658188	116.07393433	34.35000000	0.82014666	-0.40132315	-0.40779797	0.74158231	-0.36287918	-0.56424674	10.28341812	105.74868832
W_TST_0573	116.07393433	24.06658188	116.07393433	49.07000000	0.82014666	-0.40132315	-0.40779797	0.58846169	-0.28795252	-0.75551054	25.00341812	625.17091791
W_TST_0574	116.07393433	24.06658188	116.07393433	16.59000000	0.82014666	-0.40132315	-0.40779797	0.86083658	-0.42123399	-0.28552110	7.47658188	55.89927654
W_TST_0575	116.07393433	24.06658188	116.07393433	3.39000000	0.82014666	-0.40132315	-0.40779797	0.89665587	-0.43876148	-0.05913215	20.67658188	427.52103805
W_TST_0576	116.07393433	24.06658188	116.07393433	21.69000000	0.82014666	-0.40132315	-0.40779797	0.83463050	-0.40841054	-0.36958459	2.37658188	5.64814141
W_TST_0577	116.07393433	24.06658188	116.07393433	48.52000000	0.82014666	-0.40132315	-0.40779797	0.59494877	-0.29112685	-0.74918697	24.45341812	597.96965798
