RUN i	SIZE i	MIN_DEPTH d	MAX_DEPTH d
1575	19	1574.85000000	1594.85000000
