RUN i	SIZE i	MIN_DEPTH d	MAX_DEPTH d
1481	20	1480.84000000	1500.84000000
