RUN i	SIZE i	MIN_DEPTH d	MAX_DEPTH d
1701	10	1700.85000000	1720.85000000
