RUN i	SIZE i	MIN_DEPTH d	MAX_DEPTH d
1386	45	1385.85000000	1405.85000000
