RUN i	SIZE i	MIN_DEPTH d	MAX_DEPTH d
1658	23	1657.84000000	1677.84000000
