RUN i	SIZE i	MIN_DEPTH d	MAX_DEPTH d
1404	15	1403.84000000	1423.84000000
