RUN i	SIZE i	MIN_DEPTH d	MAX_DEPTH d
1628	26	1627.84000000	1647.84000000
