D1.DIPDIR d	D1.DIP d	D2.DIPDIR d	D2.DIP d	T1.X d	T1.Y d	T1.Z d	T2.X d	T2.Y d	T2.Z d	ANG d
190.47107653	14.64906250	190.47107653	12.34675171	-0.17583135	-0.95138109	-0.25289792	-0.17753578	-0.96060336	-0.21382756	2.30231080
190.47107653	14.64906250	190.47107653	58.99137130	-0.17583135	-0.95138109	-0.25289792	-0.09362604	-0.50658796	-0.85708973	44.34230880
190.47107653	14.64906250	190.47107653	17.58811318	-0.17583135	-0.95138109	-0.25289792	-0.17324345	-0.93737864	-0.30217213	2.93905067
190.47107653	14.64906250	190.47107653	23.47979273	-0.17583135	-0.95138109	-0.25289792	-0.16669126	-0.90192630	-0.39842561	8.83073022
