RUN i	SIZE i	MIN_DEPTH d	MAX_DEPTH d
1569	24	1568.85000000	1588.85000000
