RUN i	SIZE i	MIN_DEPTH d	MAX_DEPTH d
1767	30	1766.84000000	1786.84000000
