ID s	D1.DIPDIR d	D1.DIP d	D2.DIPDIR d	D2.DIP d	T1.X d	T1.Y d	T1.Z d	T2.X d	T2.Y d	T2.Z d	ANG d	MSFT d
W_TST_0576	106.32760663	0.00000000	208.40000000	0.00000000	0.95966995	-0.28112914	0.00000000	-0.47562421	-0.87964857	0.00000000	102.07239337	10418.77348829
W_TST_0577	106.32760663	0.00000000	110.85000000	0.00000000	0.95966995	-0.28112914	0.00000000	0.93451543	-0.35592262	0.00000000	4.52239337	20.45204179
W_TST_0578	106.32760663	0.00000000	44.37000000	0.00000000	0.95966995	-0.28112914	0.00000000	0.69928915	0.71483892	0.00000000	61.95760663	3838.74501931
W_TST_0579	106.32760663	0.00000000	121.88000000	0.00000000	0.95966995	-0.28112914	0.00000000	0.84915610	-0.52814196	0.00000000	15.55239337	241.87693954
