RUN i	SIZE i	MIN_DEPTH d	MAX_DEPTH d
1721	20	1720.84000000	1740.84000000
