RUN i	SIZE i	MIN_DEPTH d	MAX_DEPTH d
1463	40	1462.85000000	1482.85000000
