RUN i	SIZE i	MIN_DEPTH d	MAX_DEPTH d
1735	11	1734.85000000	1754.85000000
