ID s	D1.DIPDIR d	D1.DIP d	D2.DIPDIR d	D2.DIP d	T1.X d	T1.Y d	T1.Z d	T2.X d	T2.Y d	T2.Z d	ANG d	MSFT d
W_TST_0567	259.93638248	0.00000000	251.54942959	0.00000000	-0.98461434	-0.17474154	0.00000000	-0.94859704	-0.31648641	0.00000000	8.38695289	70.34097875
W_TST_0568	259.93638248	0.00000000	285.03459956	0.00000000	-0.98461434	-0.17474154	0.00000000	-0.96576936	0.25940230	0.00000000	25.09821708	629.92050042
W_TST_0569	259.93638248	0.00000000	233.79353588	0.00000000	-0.98461434	-0.17474154	0.00000000	-0.80689367	-0.59069671	0.00000000	26.14284660	683.44842831
W_TST_0570	259.93638248	0.00000000	293.71840928	0.00000000	-0.98461434	-0.17474154	0.00000000	-0.91553340	0.40224196	0.00000000	33.78202680	1141.22533499
W_TST_0571	259.93638248	0.00000000	202.77268573	0.00000000	-0.98461434	-0.17474154	0.00000000	-0.38707607	-0.92204778	0.00000000	57.16369675	3267.68822645
