ID s	D1.DIPDIR d	D1.DIP d	D2.DIPDIR d	D2.DIP d	T1.X d	T1.Y d	T1.Z d	T2.X d	T2.Y d	T2.Z d	ANG d	MSFT d
W_TST_0577	90.59299246	28.55610681	90.59299246	48.52000000	0.87830239	-0.00909047	-0.47801911	0.66232310	-0.00685507	-0.74918697	19.96389319	398.55703149
W_TST_0578	90.59299246	28.55610681	90.59299246	34.20000000	0.87830239	-0.00909047	-0.47801911	0.82703628	-0.00855986	-0.56208338	5.64389319	31.85353039
W_TST_0579	90.59299246	28.55610681	90.59299246	16.38000000	0.87830239	-0.00909047	-0.47801911	0.95936109	-0.00992943	-0.28200658	12.17610681	148.25757694
