RUN i	SIZE i	MIN_DEPTH d	MAX_DEPTH d
1744	12	1743.85000000	1763.85000000
