D1.DIPDIR d	D1.DIP d	D2.DIPDIR d	D2.DIP d	T1.X d	T1.Y d	T1.Z d	T2.X d	T2.Y d	T2.Z d	ANG d
124.49835087	0.00000000	219.72000000	0.00000000	0.82414249	-0.56638252	0.00000000	-0.63903635	-0.76917654	0.00000000	95.22164913
124.49835087	0.00000000	121.88000000	0.00000000	0.82414249	-0.56638252	0.00000000	0.84915610	-0.52814196	0.00000000	2.61835087
124.49835087	0.00000000	44.37000000	0.00000000	0.82414249	-0.56638252	0.00000000	0.69928915	0.71483892	0.00000000	80.12835087
124.49835087	0.00000000	110.85000000	0.00000000	0.82414249	-0.56638252	0.00000000	0.93451543	-0.35592262	0.00000000	13.64835087
