RUN i	SIZE i	MIN_DEPTH d	MAX_DEPTH d
1533	11	1532.84000000	1552.84000000
