D1.DIPDIR d	D1.DIP d	D2.DIPDIR d	D2.DIP d	T1.X d	T1.Y d	T1.Z d	T2.X d	T2.Y d	T2.Z d	ANG d
248.74780775	0.00000000	314.63826170	0.00000000	-0.93199400	-0.36247370	0.00000000	-0.71155699	0.70262838	0.00000000	65.89045395
248.74780775	0.00000000	224.46236841	0.00000000	-0.93199400	-0.36247370	0.00000000	-0.70044065	-0.71371065	0.00000000	24.28543934
248.74780775	0.00000000	359.61729022	0.00000000	-0.93199400	-0.36247370	0.00000000	-0.00667950	0.99997769	0.00000000	110.86948247
248.74780775	0.00000000	267.62208232	0.00000000	-0.93199400	-0.36247370	0.00000000	-0.99913890	-0.04149058	0.00000000	18.87427458
248.74780775	0.00000000	184.68933202	0.00000000	-0.93199400	-0.36247370	0.00000000	-0.08175294	-0.99665263	0.00000000	64.05847573
248.74780775	0.00000000	141.30243718	0.00000000	-0.93199400	-0.36247370	0.00000000	0.62520946	-0.78045700	0.00000000	107.44537057
248.74780775	0.00000000	50.12592582	0.00000000	-0.93199400	-0.36247370	0.00000000	0.76745532	0.64110243	0.00000000	161.37811809
248.74780775	0.00000000	203.48619019	0.00000000	-0.93199400	-0.36247370	0.00000000	-0.39852802	-0.91715616	0.00000000	45.26161755
