RUN i	SIZE i	MIN_DEPTH d	MAX_DEPTH d
1697	4	1696.85000000	1716.85000000
