ID s	D1.DIPDIR d	D1.DIP d	D2.DIPDIR d	D2.DIP d	T1.X d	T1.Y d	T1.Z d	T2.X d	T2.Y d	T2.Z d	ANG d
W_TST_0570	276.26257261	0.00000000	293.71840928	0.00000000	-0.99403243	0.10908500	0.00000000	-0.91553340	0.40224196	0.00000000	17.45583667
W_TST_0569	276.26257261	0.00000000	233.79353588	0.00000000	-0.99403243	0.10908500	0.00000000	-0.80689367	-0.59069671	0.00000000	42.46903673
W_TST_0568	276.26257261	0.00000000	285.03459956	0.00000000	-0.99403243	0.10908500	0.00000000	-0.96576936	0.25940230	0.00000000	8.77202695
W_TST_0567	276.26257261	0.00000000	251.54942959	0.00000000	-0.99403243	0.10908500	0.00000000	-0.94859704	-0.31648641	0.00000000	24.71314302
W_TST_0566	276.26257261	0.00000000	14.63578421	0.00000000	-0.99403243	0.10908500	0.00000000	0.25267369	0.96755155	0.00000000	98.37321161
W_TST_0564	276.26257261	0.00000000	219.86810651	0.00000000	-0.99403243	0.10908500	0.00000000	-0.64102249	-0.76752209	0.00000000	56.39446610
W_TST_0565	276.26257261	0.00000000	235.62742098	0.00000000	-0.99403243	0.10908500	0.00000000	-0.82538379	-0.56457205	0.00000000	40.63515163
W_TST_0563	276.26257261	0.00000000	29.88092722	0.00000000	-0.99403243	0.10908500	0.00000000	0.49819914	0.86706264	0.00000000	113.61835462
