D1.DIPDIR d	D1.DIP d	D2.DIPDIR d	D2.DIP d	T1.X d	T1.Y d	T1.Z d	T2.X d	T2.Y d	T2.Z d	ANG d
214.53559243	58.33717703	214.53559243	63.97987187	-0.29758634	-0.43241511	-0.85115189	-0.24869952	-0.36137891	-0.89863999	5.64269483
214.53559243	58.33717703	214.53559243	35.39207007	-0.29758634	-0.43241511	-0.85115189	-0.46215613	-0.67154727	-0.57916835	22.94510696
214.53559243	58.33717703	214.53559243	52.44236768	-0.29758634	-0.43241511	-0.85115189	-0.34557009	-0.50213907	-0.79274060	5.89480935
214.53559243	58.33717703	214.53559243	88.89558903	-0.29758634	-0.43241511	-0.85115189	-0.01092701	-0.01587776	-0.99981423	30.55841200
