D1.DIPDIR d	D1.DIP d	D2.DIPDIR d	D2.DIP d	T1.X d	T1.Y d	T1.Z d	T2.X d	T2.Y d	T2.Z d	ANG d
179.65999999	20.43000000	179.65999999	20.43000000	0.00556083	-0.93708285	-0.34906276	0.00556083	-0.93708285	-0.34906276	0.02562345
