RUN i	SIZE i	MIN_DEPTH d	MAX_DEPTH d
1396	49	1395.85000000	1415.85000000
