RUN i	SIZE i	MIN_DEPTH d	MAX_DEPTH d
1507	35	1506.85000000	1526.85000000
