RUN i	SIZE i	MIN_DEPTH d	MAX_DEPTH d
1449	41	1448.85000000	1468.85000000
