RUN i	SIZE i	MIN_DEPTH d	MAX_DEPTH d
1640	25	1639.84000000	1659.84000000
