ID s	D1.DIPDIR d	D1.DIP d	D2.DIPDIR d	D2.DIP d	T1.X d	T1.Y d	T1.Z d	T2.X d	T2.Y d	T2.Z d	ANG d	MSFT d
W_TST_0569	242.95108315	45.62982302	242.95108315	75.93490046	-0.62280189	-0.31800347	-0.71483676	-0.21644186	-0.11051550	-0.97002023	30.30507743	918.39771822
W_TST_0570	242.95108315	45.62982302	242.95108315	84.89721413	-0.62280189	-0.31800347	-0.71483676	-0.07921405	-0.04044680	-0.99603674	39.26739110	1541.92800413
W_TST_0571	242.95108315	45.62982302	242.95108315	30.98368483	-0.62280189	-0.31800347	-0.71483676	-0.76353973	-0.38986440	-0.51479397	14.64613819	214.50936395
W_TST_0572	242.95108315	45.62982302	242.95108315	81.37289023	-0.62280189	-0.31800347	-0.71483676	-0.13359561	-0.06821409	-0.98868552	35.74306720	1277.56685318
W_TST_0573	242.95108315	45.62982302	242.95108315	58.89883683	-0.62280189	-0.31800347	-0.71483676	-0.46004967	-0.23490197	-0.85625660	13.26901380	176.06672735
W_TST_0574	242.95108315	45.62982302	242.95108315	66.25841369	-0.62280189	-0.31800347	-0.71483676	-0.35857398	-0.18308835	-0.91537061	20.62859067	425.53875297
W_TST_0575	242.95108315	45.62982302	242.95108315	82.86842250	-0.62280189	-0.31800347	-0.71483676	-0.11056884	-0.05645660	-0.99226367	37.23859948	1386.71329122
W_TST_0576	242.95108315	45.62982302	242.95108315	80.38320865	-0.62280189	-0.31800347	-0.71483676	-0.14878469	-0.07596966	-0.98594712	34.75338562	1207.79781226
