RUN i	SIZE i	MIN_DEPTH d	MAX_DEPTH d
1689	8	1688.85000000	1708.85000000
