RUN i	SIZE i	MIN_DEPTH d	MAX_DEPTH d
1716	22	1715.84000000	1735.84000000
