RUN i	SIZE i	MIN_DEPTH d	MAX_DEPTH d
1407	17	1406.84000000	1426.84000000
