RUN i	SIZE i	MIN_DEPTH d	MAX_DEPTH d
1509	30	1508.85000000	1528.85000000
