ID s	D1.DIPDIR d	D1.DIP d	D2.DIPDIR d	D2.DIP d	T1.X d	T1.Y d	T1.Z d	T2.X d	T2.Y d	T2.Z d	ANG d	MSFT d
W_TST_0575	214.75980402	0.00000000	231.66590176	0.00000000	-0.57013735	-0.82154939	0.00000000	-0.78440738	-0.62024596	0.00000000	16.90609774	285.81614083
W_TST_0576	214.75980402	0.00000000	44.15693778	0.00000000	-0.57013735	-0.82154939	0.00000000	0.69662609	0.71743438	0.00000000	170.60286624	29105.33796915
W_TST_0577	214.75980402	0.00000000	184.56079396	0.00000000	-0.57013735	-0.82154939	0.00000000	-0.07951684	-0.99683352	0.00000000	30.19901005	911.98020807
W_TST_0578	214.75980402	0.00000000	237.88628537	0.00000000	-0.57013735	-0.82154939	0.00000000	-0.84699470	-0.53160134	0.00000000	23.12648136	534.83414008
W_TST_0579	214.75980402	0.00000000	216.49384723	0.00000000	-0.57013735	-0.82154939	0.00000000	-0.59473646	-0.80392073	0.00000000	1.73404322	3.00690588
