RUN i	SIZE i	MIN_DEPTH d	MAX_DEPTH d
1502	21	1501.84000000	1521.84000000
