RUN i	SIZE i	MIN_DEPTH d	MAX_DEPTH d
1615	19	1614.85000000	1634.85000000
