RUN i	SIZE i	MIN_DEPTH d	MAX_DEPTH d
1424	26	1423.84000000	1443.84000000
