D1.DIPDIR d	D1.DIP d	D2.DIPDIR d	D2.DIP d	T1.X d	T1.Y d	T1.Z d	T2.X d	T2.Y d	T2.Z d	ANG d
193.68136365	29.08261615	193.68136365	29.08261615	-0.20670135	-0.84912323	-0.48607025	-0.20670135	-0.84912323	-0.48607025	0.00000085
