RUN i	SIZE i	MIN_DEPTH d	MAX_DEPTH d
1375	29	1374.85000000	1394.85000000
