RUN i	SIZE i	MIN_DEPTH d	MAX_DEPTH d
1621	26	1620.84000000	1640.84000000
