RUN i	SIZE i	MIN_DEPTH d	MAX_DEPTH d
1633	18	1632.85000000	1652.85000000
