RUN i	SIZE i	MIN_DEPTH d	MAX_DEPTH d
1368	37	1367.85000000	1387.85000000
