RUN i	SIZE i	MIN_DEPTH d	MAX_DEPTH d
1409	29	1408.85000000	1428.85000000
