RUN i	SIZE i	MIN_DEPTH d	MAX_DEPTH d
1471	24	1470.84000000	1490.84000000
