RUN i	SIZE i	MIN_DEPTH d	MAX_DEPTH d
1700	16	1699.84000000	1719.84000000
