RUN i	SIZE i	MIN_DEPTH d	MAX_DEPTH d
1528	21	1527.85000000	1547.85000000
