D1.DIPDIR d	D1.DIP d	D2.DIPDIR d	D2.DIP d	T1.X d	T1.Y d	T1.Z d	T2.X d	T2.Y d	T2.Z d	ANG d
252.87011765	0.00000000	233.14169461	0.00000000	-0.95563953	-0.29453877	0.00000000	-0.80012138	-0.59983813	0.00000000	19.72842304
252.87011765	0.00000000	276.52357796	0.00000000	-0.95563953	-0.29453877	0.00000000	-0.99352519	0.11361207	0.00000000	23.65346031
252.87011765	0.00000000	71.51532887	0.00000000	-0.95563953	-0.29453877	0.00000000	0.94840851	0.31705093	0.00000000	178.64521123
252.87011765	0.00000000	13.17724434	0.00000000	-0.95563953	-0.29453877	0.00000000	0.22796418	0.97366952	0.00000000	120.30712670
252.87011765	0.00000000	220.18672111	0.00000000	-0.95563953	-0.29453877	0.00000000	-0.64528065	-0.76394560	0.00000000	32.68339653
252.87011765	0.00000000	234.24347316	0.00000000	-0.95563953	-0.29453877	0.00000000	-0.81150742	-0.58434211	0.00000000	18.62664449
252.87011765	0.00000000	28.83966763	0.00000000	-0.95563953	-0.29453877	0.00000000	0.48236025	0.87597294	0.00000000	135.96955000
252.87011765	0.00000000	236.48604688	0.00000000	-0.95563953	-0.29453877	0.00000000	-0.83375139	-0.55214004	0.00000000	16.38407076
252.87011765	0.00000000	230.62995356	0.00000000	-0.95563953	-0.29453877	0.00000000	-0.77306530	-0.63432645	0.00000000	22.24016408
