RUN i	SIZE i	MIN_DEPTH d	MAX_DEPTH d
1786	24	1785.84000000	1805.84000000
