RUN i	SIZE i	MIN_DEPTH d	MAX_DEPTH d
1586	22	1585.84000000	1605.84000000
