RUN i	SIZE i	MIN_DEPTH d	MAX_DEPTH d
1581	17	1580.84000000	1600.84000000
