RUN i	SIZE i	MIN_DEPTH d	MAX_DEPTH d
1770	29	1769.84000000	1789.84000000
