RUN i	SIZE i	MIN_DEPTH d	MAX_DEPTH d
1707	11	1706.85000000	1726.85000000
