RUN i	SIZE i	MIN_DEPTH d	MAX_DEPTH d
1367	25	1366.84000000	1386.84000000
