RUN i	SIZE i	MIN_DEPTH d	MAX_DEPTH d
1764	30	1763.84000000	1783.84000000
