RUN i	SIZE i	MIN_DEPTH d	MAX_DEPTH d
1556	21	1555.84000000	1575.84000000
