RUN i	SIZE i	MIN_DEPTH d	MAX_DEPTH d
1364	25	1363.84000000	1383.84000000
