RUN i	SIZE i	MIN_DEPTH d	MAX_DEPTH d
1565	12	1564.84000000	1584.84000000
