RUN i	SIZE i	MIN_DEPTH d	MAX_DEPTH d
1486	22	1485.84000000	1505.84000000
