ID s	D1.DIPDIR d	D1.DIP d	D2.DIPDIR d	D2.DIP d	T1.X d	T1.Y d	T1.Z d	T2.X d	T2.Y d	T2.Z d	ANG d
W_TST_0574	236.21084701	0.00000000	221.99311316	0.00000000	-0.83108977	-0.55613829	0.00000000	-0.66904128	-0.74322525	0.00000000	14.21773384
W_TST_0573	236.21084701	0.00000000	179.32358131	0.00000000	-0.83108977	-0.55613829	0.00000000	0.01180546	-0.99993031	0.00000000	56.88726569
W_TST_0572	236.21084701	0.00000000	204.01545681	0.00000000	-0.83108977	-0.55613829	0.00000000	-0.40698308	-0.91343570	0.00000000	32.19539019
W_TST_0571	236.21084701	0.00000000	202.77268573	0.00000000	-0.83108977	-0.55613829	0.00000000	-0.38707607	-0.92204778	0.00000000	33.43816128
W_TST_0570	236.21084701	0.00000000	293.71840928	0.00000000	-0.83108977	-0.55613829	0.00000000	-0.91553340	0.40224196	0.00000000	57.50756228
W_TST_0569	236.21084701	0.00000000	233.79353588	0.00000000	-0.83108977	-0.55613829	0.00000000	-0.80689367	-0.59069671	0.00000000	2.41731113
W_TST_0568	236.21084701	0.00000000	285.03459956	0.00000000	-0.83108977	-0.55613829	0.00000000	-0.96576936	0.25940230	0.00000000	48.82375255
W_TST_0567	236.21084701	0.00000000	251.54942959	0.00000000	-0.83108977	-0.55613829	0.00000000	-0.94859704	-0.31648641	0.00000000	15.33858258
