RUN i	SIZE i	MIN_DEPTH d	MAX_DEPTH d
1440	20	1439.84000000	1459.84000000
