RUN i	SIZE i	MIN_DEPTH d	MAX_DEPTH d
1677	9	1676.85000000	1696.85000000
