RUN i	SIZE i	MIN_DEPTH d	MAX_DEPTH d
1747	15	1746.85000000	1766.85000000
