RUN i	SIZE i	MIN_DEPTH d	MAX_DEPTH d
1466	18	1465.84000000	1485.84000000
