D1.DIPDIR d	D1.DIP d	D2.DIPDIR d	D2.DIP d	T1.X d	T1.Y d	T1.Z d	T2.X d	T2.Y d	T2.Z d	ANG d
337.09918287	21.00491374	337.09918287	41.87992041	-0.36327881	0.85996717	-0.35844801	-0.28973029	0.68586036	-0.66757167	20.87500667
337.09918287	21.00491374	337.09918287	58.76994453	-0.36327881	0.85996717	-0.35844801	-0.20175810	0.47760931	-0.85509240	37.76503079
337.09918287	21.00491374	337.09918287	7.02454167	-0.36327881	0.85996717	-0.35844801	-0.38621617	0.91426535	-0.12229447	13.98037207
337.09918287	21.00491374	337.09918287	40.79049535	-0.36327881	0.85996717	-0.35844801	-0.29461703	0.69742844	-0.65329502	19.78558160
337.09918287	21.00491374	337.09918287	30.62708232	-0.36327881	0.85996717	-0.35844801	-0.33485298	0.79267648	-0.50944821	9.62216858
