RUN i	SIZE i	MIN_DEPTH d	MAX_DEPTH d
1425	26	1424.84000000	1444.84000000
