RUN i	SIZE i	MIN_DEPTH d	MAX_DEPTH d
1385	23	1384.84000000	1404.84000000
