RUN i	SIZE i	MIN_DEPTH d	MAX_DEPTH d
1375	20	1374.84000000	1394.84000000
