ID s	D1.DIPDIR d	D1.DIP d	D2.DIPDIR d	D2.DIP d	T1.X d	T1.Y d	T1.Z d	T2.X d	T2.Y d	T2.Z d	ANG d
W_TST_0569	256.05004637	51.20723086	256.05004637	65.37298434	-0.60802772	-0.15103435	-0.77941704	-0.40441931	-0.10045793	-0.90903973	14.16575348
W_TST_0568	256.05004637	51.20723086	256.05004637	43.85222344	-0.60802772	-0.15103435	-0.77941704	-0.69986056	-0.17384567	-0.69280075	7.35500742
W_TST_0567	256.05004637	51.20723086	256.05004637	84.87691298	-0.60802772	-0.15103435	-0.77941704	-0.08666201	-0.02152688	-0.99600517	33.66968212
W_TST_0566	256.05004637	51.20723086	256.05004637	79.31802542	-0.60802772	-0.15103435	-0.77941704	-0.17989066	-0.04468492	-0.98267116	28.11079456
W_TST_0564	256.05004637	51.20723086	256.05004637	58.74764995	-0.60802772	-0.15103435	-0.77941704	-0.50350694	-0.12507134	-0.85489059	7.54041909
W_TST_0565	256.05004637	51.20723086	256.05004637	51.69776194	-0.60802772	-0.15103435	-0.77941704	-0.60152943	-0.14942017	-0.78475216	0.49053108
W_TST_0563	256.05004637	51.20723086	256.05004637	73.61127078	-0.60802772	-0.15103435	-0.77941704	-0.27383112	-0.06801977	-0.95936950	22.40403992
W_TST_0562	256.05004637	51.20723086	256.05004637	71.66495601	-0.60802772	-0.15103435	-0.77941704	-0.30529529	-0.07583548	-0.94923325	20.45772515
W_TST_0561	256.05004637	51.20723086	256.05004637	64.66796165	-0.60802772	-0.15103435	-0.77941704	-0.41524422	-0.10314684	-0.90384344	13.46073079
