RUN i	SIZE i	MIN_DEPTH d	MAX_DEPTH d
1372	36	1371.85000000	1391.85000000
