RUN i	SIZE i	MIN_DEPTH d	MAX_DEPTH d
1611	23	1610.84000000	1630.84000000
