RUN i	SIZE i	MIN_DEPTH d	MAX_DEPTH d
1548	22	1547.84000000	1567.84000000
