RUN i	SIZE i	MIN_DEPTH d	MAX_DEPTH d
1397	45	1396.85000000	1416.85000000
