ID s	D1.DIPDIR d	D1.DIP d	D2.DIPDIR d	D2.DIP d	T1.X d	T1.Y d	T1.Z d	T2.X d	T2.Y d	T2.Z d	ANG d
W_TST_0574	240.19710120	48.68744239	240.19710120	66.25841369	-0.57285292	-0.32811445	-0.75111946	-0.34936290	-0.20010549	-0.91537061	17.57097130
W_TST_0573	240.19710120	48.68744239	240.19710120	58.89883683	-0.57285292	-0.32811445	-0.75111946	-0.44823187	-0.25673493	-0.85625660	10.21139444
W_TST_0572	240.19710120	48.68744239	240.19710120	81.37289023	-0.57285292	-0.32811445	-0.75111946	-0.13016379	-0.07455425	-0.98868552	32.68544784
W_TST_0571	240.19710120	48.68744239	240.19710120	30.98368483	-0.57285292	-0.32811445	-0.75111946	-0.74392585	-0.42610034	-0.51479397	17.70375756
W_TST_0570	240.19710120	48.68744239	240.19710120	84.89721413	-0.57285292	-0.32811445	-0.75111946	-0.07717919	-0.04420612	-0.99603674	36.20977174
W_TST_0569	240.19710120	48.68744239	240.19710120	75.93490046	-0.57285292	-0.32811445	-0.75111946	-0.21088189	-0.12078736	-0.97002023	27.24745807
