RUN i	SIZE i	MIN_DEPTH d	MAX_DEPTH d
1636	17	1635.85000000	1655.85000000
