RUN i	SIZE i	MIN_DEPTH d	MAX_DEPTH d
1505	32	1504.85000000	1524.85000000
