RUN i	SIZE i	MIN_DEPTH d	MAX_DEPTH d
1562	48	1561.85000000	1581.85000000
