ID s	D1.DIPDIR d	D1.DIP d	D2.DIPDIR d	D2.DIP d	T1.X d	T1.Y d	T1.Z d	T2.X d	T2.Y d	T2.Z d	ANG d
W_TST_0575	80.79592218	0.00000000	216.82000000	0.00000000	0.98712488	0.15995144	0.00000000	-0.59930307	-0.80052222	0.00000000	136.02407782
W_TST_0574	80.79592218	0.00000000	86.46000000	0.00000000	0.98712488	0.15995144	0.00000000	0.99809194	0.06174535	0.00000000	5.66407782
W_TST_0573	80.79592218	0.00000000	108.82000000	0.00000000	0.98712488	0.15995144	0.00000000	0.94653671	-0.32259612	0.00000000	28.02407782
W_TST_0572	80.79592218	0.00000000	173.85000000	0.00000000	0.98712488	0.15995144	0.00000000	0.10713175	-0.99424483	0.00000000	93.05407782
W_TST_0571	80.79592218	0.00000000	66.14000000	0.00000000	0.98712488	0.15995144	0.00000000	0.91453657	0.40450322	0.00000000	14.65592218
W_TST_0570	80.79592218	0.00000000	321.04000000	0.00000000	0.98712488	0.15995144	0.00000000	-0.62877769	0.77758512	0.00000000	119.75592219
W_TST_0569	80.79592218	0.00000000	41.75000000	0.00000000	0.98712488	0.15995144	0.00000000	0.66588167	0.74605738	0.00000000	39.04592218
