RUN i	SIZE i	MIN_DEPTH d	MAX_DEPTH d
1777	36	1776.85000000	1796.85000000
