ID s	D1.DIPDIR d	D1.DIP d	D2.DIPDIR d	D2.DIP d	T1.X d	T1.Y d	T1.Z d	T2.X d	T2.Y d	T2.Z d	ANG d
W_TST_0571	262.03010883	0.00000000	209.42141952	0.00000000	-0.99034107	-0.13865270	0.00000000	-0.49122941	-0.87103023	0.00000000	52.60868932
W_TST_0570	262.03010883	0.00000000	292.48489888	0.00000000	-0.99034107	-0.13865270	0.00000000	-0.92398036	0.38243992	0.00000000	30.45479005
W_TST_0569	262.03010883	0.00000000	233.14169461	0.00000000	-0.99034107	-0.13865270	0.00000000	-0.80012138	-0.59983813	0.00000000	28.88841423
W_TST_0568	262.03010883	0.00000000	276.52357796	0.00000000	-0.99034107	-0.13865270	0.00000000	-0.99352519	0.11361207	0.00000000	14.49346913
W_TST_0567	262.03010883	0.00000000	71.51532887	0.00000000	-0.99034107	-0.13865270	0.00000000	0.94840851	0.31705093	0.00000000	169.48522004
