ID s	D1.DIPDIR d	D1.DIP d	D2.DIPDIR d	D2.DIP d	T1.X d	T1.Y d	T1.Z d	T2.X d	T2.Y d	T2.Z d	ANG d	MSFT d
W_TST_0484	252.91941801	79.22842025	252.91941801	88.24967253	-0.17865064	-0.05489384	-0.98238008	-0.02919700	-0.00897134	-0.99953342	9.02125228	81.38299264
W_TST_0485	252.91941801	79.22842025	252.91941801	82.18293776	-0.17865064	-0.05489384	-0.98238008	-0.13001153	-0.03994854	-0.99070738	2.95451750	8.72917368
W_TST_0486	252.91941801	79.22842025	252.91941801	87.26718996	-0.17865064	-0.05489384	-0.98238008	-0.04557548	-0.01400394	-0.99886274	8.03876971	64.62181840
