RUN i	SIZE i	MIN_DEPTH d	MAX_DEPTH d
1381	36	1380.85000000	1400.85000000
