RUN i	SIZE i	MIN_DEPTH d	MAX_DEPTH d
1523	18	1522.84000000	1542.84000000
