RUN i	SIZE i	MIN_DEPTH d	MAX_DEPTH d
1507	15	1506.84000000	1526.84000000
