RUN i	SIZE i	MIN_DEPTH d	MAX_DEPTH d
1662	12	1661.85000000	1681.85000000
