ID s	D1.DIPDIR d	D1.DIP d	D2.DIPDIR d	D2.DIP d	T1.X d	T1.Y d	T1.Z d	T2.X d	T2.Y d	T2.Z d	ANG d	MSFT d
W_TST_0570	218.45234404	0.00000000	293.71840928	0.00000000	-0.62186348	-0.78312566	0.00000000	-0.91553340	0.40224196	0.00000000	75.26606524	5664.98057692
W_TST_0571	218.45234404	0.00000000	202.77268573	0.00000000	-0.62186348	-0.78312566	0.00000000	-0.38707607	-0.92204778	0.00000000	15.67965832	245.85168489
W_TST_0572	218.45234404	0.00000000	204.01545681	0.00000000	-0.62186348	-0.78312566	0.00000000	-0.40698308	-0.91343570	0.00000000	14.43688723	208.42371289
W_TST_0573	218.45234404	0.00000000	179.32358131	0.00000000	-0.62186348	-0.78312566	0.00000000	0.01180546	-0.99993031	0.00000000	39.12876273	1531.06007265
W_TST_0574	218.45234404	0.00000000	221.99311316	0.00000000	-0.62186348	-0.78312566	0.00000000	-0.66904128	-0.74322525	0.00000000	3.54076912	12.53704598
W_TST_0575	218.45234404	0.00000000	232.00871609	0.00000000	-0.62186348	-0.78312566	0.00000000	-0.78810440	-0.61554159	0.00000000	13.55637205	183.77522302
W_TST_0576	218.45234404	0.00000000	224.14818032	0.00000000	-0.62186348	-0.78312566	0.00000000	-0.69651643	-0.71754085	0.00000000	5.69583628	32.44255087
W_TST_0577	218.45234404	0.00000000	179.85633627	0.00000000	-0.62186348	-0.78312566	0.00000000	0.00250740	-0.99999686	0.00000000	38.59600777	1489.65181590
