RUN i	SIZE i	MIN_DEPTH d	MAX_DEPTH d
1483	20	1482.84000000	1502.84000000
