RUN i	SIZE i	MIN_DEPTH d	MAX_DEPTH d
1724	23	1723.84000000	1743.84000000
