D1.DIPDIR d	D1.DIP d	D2.DIPDIR d	D2.DIP d	T1.X d	T1.Y d	T1.Z d	T2.X d	T2.Y d	T2.Z d	ANG d
206.42578042	4.72783995	206.42578042	16.98504493	-0.44352390	-0.89246459	-0.08242276	-0.42562606	-0.85645032	-0.29212208	12.25720498
206.42578042	4.72783995	206.42578042	27.81594759	-0.44352390	-0.89246459	-0.08242276	-0.39361450	-0.79203625	-0.46663283	23.08810763
206.42578042	4.72783995	206.42578042	14.07565062	-0.44352390	-0.89246459	-0.08242276	-0.43167610	-0.86862428	-0.24320282	9.34781067
206.42578042	4.72783995	206.42578042	24.29743394	-0.44352390	-0.89246459	-0.08242276	-0.40561744	-0.81618871	-0.41147354	19.56959399
206.42578042	4.72783995	206.42578042	33.34110704	-0.44352390	-0.89246459	-0.08242276	-0.37179078	-0.74812226	-0.54962233	28.61326709
206.42578042	4.72783995	206.42578042	59.49252321	-0.44352390	-0.89246459	-0.08242276	-0.22592398	-0.45460718	-0.86156292	54.76468326
206.42578042	4.72783995	206.42578042	19.77814478	-0.44352390	-0.89246459	-0.08242276	-0.41878532	-0.84268529	-0.33837900	15.05030483
206.42578042	4.72783995	206.42578042	29.08261615	-0.44352390	-0.89246459	-0.08242276	-0.38892763	-0.78260527	-0.48607025	24.35477620
