ID s	D1.DIPDIR d	D1.DIP d	D2.DIPDIR d	D2.DIP d	T1.X d	T1.Y d	T1.Z d	T2.X d	T2.Y d	T2.Z d	ANG d	MSFT d
W_TST_0577	90.59299246	0.00000000	110.85000000	0.00000000	0.99994644	-0.01034949	0.00000000	0.93451543	-0.35592262	0.00000000	20.25700754	410.34635429
W_TST_0578	90.59299246	0.00000000	44.37000000	0.00000000	0.99994644	-0.01034949	0.00000000	0.69928915	0.71483892	0.00000000	46.22299246	2136.56503238
W_TST_0579	90.59299246	0.00000000	121.88000000	0.00000000	0.99994644	-0.01034949	0.00000000	0.84915610	-0.52814196	0.00000000	31.28700754	978.87684052
