RUN i	SIZE i	MIN_DEPTH d	MAX_DEPTH d
1727	21	1726.84000000	1746.84000000
