RUN i	SIZE i	MIN_DEPTH d	MAX_DEPTH d
1431	28	1430.84000000	1450.84000000
