RUN i	SIZE i	MIN_DEPTH d	MAX_DEPTH d
1678	9	1677.85000000	1697.85000000
