RUN i	SIZE i	MIN_DEPTH d	MAX_DEPTH d
1367	35	1366.85000000	1386.85000000
