RUN i	SIZE i	MIN_DEPTH d	MAX_DEPTH d
1417	21	1416.84000000	1436.84000000
