RUN i	SIZE i	MIN_DEPTH d	MAX_DEPTH d
1605	19	1604.84000000	1624.84000000
