RUN i	SIZE i	MIN_DEPTH d	MAX_DEPTH d
1479	19	1478.84000000	1498.84000000
