RUN i	SIZE i	MIN_DEPTH d	MAX_DEPTH d
1633	25	1632.84000000	1652.84000000
