RUN i	SIZE i	MIN_DEPTH d	MAX_DEPTH d
1501	23	1500.84000000	1520.84000000
