ID s	D1.DIPDIR d	D1.DIP d	D2.DIPDIR d	D2.DIP d	T1.X d	T1.Y d	T1.Z d	T2.X d	T2.Y d	T2.Z d	ANG d
W_TST_0579	212.41485891	0.00000000	215.97821896	0.00000000	-0.53604574	-0.84418894	0.00000000	-0.58747766	-0.80924038	0.00000000	3.56336005
W_TST_0578	212.41485891	0.00000000	241.37356574	0.00000000	-0.53604574	-0.84418894	0.00000000	-0.87776203	-0.47909688	0.00000000	28.95870683
W_TST_0577	212.41485891	0.00000000	179.85633627	0.00000000	-0.53604574	-0.84418894	0.00000000	0.00250740	-0.99999686	0.00000000	32.55852264
W_TST_0576	212.41485891	0.00000000	224.14818032	0.00000000	-0.53604574	-0.84418894	0.00000000	-0.69651643	-0.71754085	0.00000000	11.73332141
W_TST_0575	212.41485891	0.00000000	232.00871609	0.00000000	-0.53604574	-0.84418894	0.00000000	-0.78810440	-0.61554159	0.00000000	19.59385718
W_TST_0574	212.41485891	0.00000000	221.99311316	0.00000000	-0.53604574	-0.84418894	0.00000000	-0.66904128	-0.74322525	0.00000000	9.57825425
W_TST_0573	212.41485891	0.00000000	179.32358131	0.00000000	-0.53604574	-0.84418894	0.00000000	0.01180546	-0.99993031	0.00000000	33.09127760
W_TST_0572	212.41485891	0.00000000	204.01545681	0.00000000	-0.53604574	-0.84418894	0.00000000	-0.40698308	-0.91343570	0.00000000	8.39940210
