RUN i	SIZE i	MIN_DEPTH d	MAX_DEPTH d
1415	19	1414.84000000	1434.84000000
