ID s	D1.DIPDIR d	D1.DIP d	D2.DIPDIR d	D2.DIP d	T1.X d	T1.Y d	T1.Z d	T2.X d	T2.Y d	T2.Z d	ANG d	MSFT d
W_TST_0484	213.00015959	0.00000000	231.04000000	0.00000000	-0.54464137	-0.83866905	0.00000000	-0.77758512	-0.62877769	0.00000000	18.03984041	325.43584210
W_TST_0485	213.00015959	0.00000000	241.20000000	0.00000000	-0.54464137	-0.83866905	0.00000000	-0.87630668	-0.48175367	0.00000000	28.19984041	795.23099928
W_TST_0486	213.00015959	0.00000000	189.24000000	0.00000000	-0.54464137	-0.83866905	0.00000000	-0.16057030	-0.98702441	0.00000000	23.76015959	564.54518363
