RUN i	SIZE i	MIN_DEPTH d	MAX_DEPTH d
1433	29	1432.84000000	1452.84000000
