RUN i	SIZE i	MIN_DEPTH d	MAX_DEPTH d
1512	32	1511.85000000	1531.85000000
