RUN i	SIZE i	MIN_DEPTH d	MAX_DEPTH d
1563	48	1562.85000000	1582.85000000
