RUN i	SIZE i	MIN_DEPTH d	MAX_DEPTH d
1698	8	1697.85000000	1717.85000000
