ID s	D1.DIPDIR d	D1.DIP d	D2.DIPDIR d	D2.DIP d	T1.X d	T1.Y d	T1.Z d	T2.X d	T2.Y d	T2.Z d	ANG d
W_TST_0579	218.66476717	0.00000000	215.97821896	0.00000000	-0.62476263	-0.78081474	0.00000000	-0.58747766	-0.80924038	0.00000000	2.68654820
W_TST_0578	218.66476717	0.00000000	241.37356574	0.00000000	-0.62476263	-0.78081474	0.00000000	-0.87776203	-0.47909688	0.00000000	22.70879857
W_TST_0577	218.66476717	0.00000000	179.85633627	0.00000000	-0.62476263	-0.78081474	0.00000000	0.00250740	-0.99999686	0.00000000	38.80843089
W_TST_0576	218.66476717	0.00000000	224.14818032	0.00000000	-0.62476263	-0.78081474	0.00000000	-0.69651643	-0.71754085	0.00000000	5.48341315
W_TST_0575	218.66476717	0.00000000	232.00871609	0.00000000	-0.62476263	-0.78081474	0.00000000	-0.78810440	-0.61554159	0.00000000	13.34394892
