RUN i	SIZE i	MIN_DEPTH d	MAX_DEPTH d
1484	19	1483.84000000	1503.84000000
