RUN i	SIZE i	MIN_DEPTH d	MAX_DEPTH d
1528	16	1527.84000000	1547.84000000
