RUN i	SIZE i	MIN_DEPTH d	MAX_DEPTH d
1785	24	1784.84000000	1804.84000000
