RUN i	SIZE i	MIN_DEPTH d	MAX_DEPTH d
1587	48	1586.85000000	1606.85000000
