RUN i	SIZE i	MIN_DEPTH d	MAX_DEPTH d
1576	16	1575.85000000	1595.85000000
