RUN i	SIZE i	MIN_DEPTH d	MAX_DEPTH d
1434	27	1433.84000000	1453.84000000
