RUN i	SIZE i	MIN_DEPTH d	MAX_DEPTH d
1370	29	1369.84000000	1389.84000000
