RUN i	SIZE i	MIN_DEPTH d	MAX_DEPTH d
1564	46	1563.85000000	1583.85000000
