RUN i	SIZE i	MIN_DEPTH d	MAX_DEPTH d
1637	16	1636.85000000	1656.85000000
