RUN i	SIZE i	MIN_DEPTH d	MAX_DEPTH d
1411	17	1410.84000000	1430.84000000
