RUN i	SIZE i	MIN_DEPTH d	MAX_DEPTH d
1430	29	1429.84000000	1449.84000000
