RUN i	SIZE i	MIN_DEPTH d	MAX_DEPTH d
1510	16	1509.84000000	1529.84000000
