RUN i	SIZE i	MIN_DEPTH d	MAX_DEPTH d
1515	32	1514.85000000	1534.85000000
