RUN i	SIZE i	MIN_DEPTH d	MAX_DEPTH d
1555	54	1554.85000000	1574.85000000
