RUN i	SIZE i	MIN_DEPTH d	MAX_DEPTH d
1597	18	1596.84000000	1616.84000000
