RUN i	SIZE i	MIN_DEPTH d	MAX_DEPTH d
1423	36	1422.85000000	1442.85000000
