RUN i	SIZE i	MIN_DEPTH d	MAX_DEPTH d
1730	13	1729.85000000	1749.85000000
