D1.DIPDIR d	D1.DIP d	D2.DIPDIR d	D2.DIP d	T1.X d	T1.Y d	T1.Z d	T2.X d	T2.Y d	T2.Z d	ANG d
211.91145138	57.22570097	211.91145138	63.97987187	-0.28615195	-0.45951760	-0.84080951	-0.23189339	-0.37238639	-0.89863999	6.75417089
211.91145138	57.22570097	211.91145138	35.39207007	-0.28615195	-0.45951760	-0.84080951	-0.43092545	-0.69200237	-0.57916835	21.83363090
211.91145138	57.22570097	211.91145138	52.44236768	-0.28615195	-0.45951760	-0.84080951	-0.32221784	-0.51743406	-0.79274060	4.78333329
211.91145138	57.22570097	211.91145138	88.89558903	-0.28615195	-0.45951760	-0.84080951	-0.01018861	-0.01636140	-0.99981423	31.66988806
211.91145138	57.22570097	211.91145138	72.25850943	-0.28615195	-0.45951760	-0.84080951	-0.16107894	-0.25866888	-0.95244107	15.03280846
211.91145138	57.22570097	211.91145138	55.54000711	-0.28615195	-0.45951760	-0.84080951	-0.29910261	-0.48031443	-0.82452148	1.68569386
211.91145138	57.22570097	211.91145138	50.87381169	-0.28615195	-0.45951760	-0.84080951	-0.33356775	-0.53566033	-0.77575806	6.35188928
211.91145138	57.22570097	211.91145138	88.52462096	-0.28615195	-0.45951760	-0.84080951	-0.01361027	-0.02185607	-0.99966848	31.29891999
211.91145138	57.22570097	211.91145138	20.73423807	-0.28615195	-0.45951760	-0.84080951	-0.49437146	-0.79388724	-0.35403377	36.49146290
