RUN i	SIZE i	MIN_DEPTH d	MAX_DEPTH d
1709	11	1708.85000000	1728.85000000
