ID s	D1.DIPDIR d	D1.DIP d	D2.DIPDIR d	D2.DIP d	T1.X d	T1.Y d	T1.Z d	T2.X d	T2.Y d	T2.Z d	ANG d	MSFT d
W_TST_0576	138.16913342	17.45293042	138.16913342	32.15631595	0.63623078	-0.71081437	-0.29992220	0.56462577	-0.63081530	-0.53223096	14.70338552	216.18954583
W_TST_0577	138.16913342	17.45293042	138.16913342	45.20860357	0.63623078	-0.71081437	-0.29992220	0.46987343	-0.52495540	-0.70967654	27.75567315	770.37739184
W_TST_0578	138.16913342	17.45293042	138.16913342	23.47979273	0.63623078	-0.71081437	-0.29992220	0.61171228	-0.68342163	-0.39842561	6.02686230	36.32306921
W_TST_0579	138.16913342	17.45293042	138.16913342	17.58811318	0.63623078	-0.71081437	-0.29992220	0.63575707	-0.71028512	-0.30217213	0.13518275	0.01827438
