RUN i	SIZE i	MIN_DEPTH d	MAX_DEPTH d
1688	7	1687.85000000	1707.85000000
