RUN i	SIZE i	MIN_DEPTH d	MAX_DEPTH d
1645	20	1644.85000000	1664.85000000
