RUN i	SIZE i	MIN_DEPTH d	MAX_DEPTH d
1554	25	1553.84000000	1573.84000000
