RUN i	SIZE i	MIN_DEPTH d	MAX_DEPTH d
1518	24	1517.85000000	1537.85000000
