RUN i	SIZE i	MIN_DEPTH d	MAX_DEPTH d
1402	42	1401.85000000	1421.85000000
