RUN i	SIZE i	MIN_DEPTH d	MAX_DEPTH d
1408	30	1407.85000000	1427.85000000
