RUN i	SIZE i	MIN_DEPTH d	MAX_DEPTH d
1739	28	1738.84000000	1758.84000000
