RUN i	SIZE i	MIN_DEPTH d	MAX_DEPTH d
1498	24	1497.84000000	1517.84000000
