ID s	D1.DIPDIR d	D1.DIP d	D2.DIPDIR d	D2.DIP d	T1.X d	T1.Y d	T1.Z d	T2.X d	T2.Y d	T2.Z d	ANG d	MSFT d
W_TST_0539	195.29785334	24.05661054	195.29785334	70.79849389	-0.24092087	-0.88078802	-0.40763906	-0.08677371	-0.31723796	-0.94436773	46.74188335	2184.80365926
W_TST_0540	195.29785334	24.05661054	195.29785334	59.50211045	-0.24092087	-0.88078802	-0.40763906	-0.13389898	-0.48952430	-0.86164785	35.44549991	1256.38346419
W_TST_0541	195.29785334	24.05661054	195.29785334	77.16616300	-0.24092087	-0.88078802	-0.40763906	-0.05860460	-0.21425389	-0.97501835	53.10955247	2820.62456311
W_TST_0542	195.29785334	24.05661054	195.29785334	70.40835049	-0.24092087	-0.88078802	-0.40763906	-0.08846828	-0.32343318	-0.94210633	46.35173996	2148.48379703
W_TST_0543	195.29785334	24.05661054	195.29785334	75.45702982	-0.24092087	-0.88078802	-0.40763906	-0.06625104	-0.24220865	-0.96795959	51.40041928	2642.00310260
W_TST_0544	195.29785334	24.05661054	195.29785334	62.61689544	-0.24092087	-0.88078802	-0.40763906	-0.12134861	-0.44364112	-0.88795105	38.56028491	1486.89557203
W_TST_0545	195.29785334	24.05661054	195.29785334	75.60434091	-0.24092087	-0.88078802	-0.40763906	-0.06559421	-0.23980735	-0.96860200	51.54773037	2657.16850610
W_TST_0546	195.29785334	24.05661054	195.29785334	88.70256064	-0.24092087	-0.88078802	-0.40763906	-0.00597397	-0.02184036	-0.99974362	64.64595010	4179.09886429
