RUN i	SIZE i	MIN_DEPTH d	MAX_DEPTH d
1673	18	1672.84000000	1692.84000000
