RUN i	SIZE i	MIN_DEPTH d	MAX_DEPTH d
1393	37	1392.85000000	1412.85000000
