ID s	D1.DIPDIR d	D1.DIP d	D2.DIPDIR d	D2.DIP d	T1.X d	T1.Y d	T1.Z d	T2.X d	T2.Y d	T2.Z d	ANG d
W_TST_0570	300.47238550	5.75425902	300.47238550	59.58000000	-0.85753075	0.50456767	-0.10026202	-0.43639664	0.25677404	-0.86233698	53.82574098
W_TST_0569	300.47238550	5.75425902	300.47238550	3.70000000	-0.85753075	0.50456767	-0.10026202	-0.86007720	0.50606599	-0.06453231	2.05425902
W_TST_0568	300.47238550	5.75425902	300.47238550	48.98000000	-0.85753075	0.50456767	-0.10026202	-0.56566703	0.33283622	-0.75448053	43.22574098
W_TST_0567	300.47238550	5.75425902	300.47238550	24.00000000	-0.85753075	0.50456767	-0.10026202	-0.78736078	0.46327994	-0.40673664	18.24574098
W_TST_0566	300.47238550	5.75425902	300.47238550	49.24000000	-0.85753075	0.50456767	-0.10026202	-0.56271040	0.33109655	-0.75745104	43.48574098
W_TST_0564	300.47238550	5.75425902	300.47238550	15.60000000	-0.85753075	0.50456767	-0.10026202	-0.83012446	0.48844192	-0.26891982	9.84574098
W_TST_0565	300.47238550	5.75425902	300.47238550	17.45000000	-0.85753075	0.50456767	-0.10026202	-0.82220939	0.48378472	-0.29987341	11.69574098
W_TST_0563	300.47238550	5.75425902	300.47238550	43.73000000	-0.85753075	0.50456767	-0.10026202	-0.62279449	0.36644979	-0.69126086	37.97574098
