RUN i	SIZE i	MIN_DEPTH d	MAX_DEPTH d
1382	36	1381.85000000	1401.85000000
