RUN i	SIZE i	MIN_DEPTH d	MAX_DEPTH d
1588	22	1587.84000000	1607.84000000
