RUN i	SIZE i	MIN_DEPTH d	MAX_DEPTH d
1399	20	1398.84000000	1418.84000000
