RUN i	SIZE i	MIN_DEPTH d	MAX_DEPTH d
1656	24	1655.84000000	1675.84000000
