RUN i	SIZE i	MIN_DEPTH d	MAX_DEPTH d
1578	16	1577.84000000	1597.84000000
