RUN i	SIZE i	MIN_DEPTH d	MAX_DEPTH d
1683	9	1682.85000000	1702.85000000
