RUN i	SIZE i	MIN_DEPTH d	MAX_DEPTH d
1681	20	1680.84000000	1700.84000000
