ID s	D1.DIPDIR d	D1.DIP d	D2.DIPDIR d	D2.DIP d	T1.X d	T1.Y d	T1.Z d	T2.X d	T2.Y d	T2.Z d	ANG d	MSFT d
W_TST_0570	161.20016847	10.01318008	161.20016847	58.76994453	0.31735413	-0.93223063	-0.17387471	0.16708547	-0.49081507	-0.85509240	48.75676445	2377.22207985
W_TST_0571	161.20016847	10.01318008	161.20016847	41.87992041	0.31735413	-0.93223063	-0.17387471	0.23993942	-0.70482420	-0.66757167	31.86674034	1015.48913971
W_TST_0572	161.20016847	10.01318008	161.20016847	41.98987643	0.31735413	-0.93223063	-0.17387471	0.23952611	-0.70361011	-0.66899929	31.97669636	1022.50910982
W_TST_0573	161.20016847	10.01318008	161.20016847	45.37648583	0.31735413	-0.93223063	-0.17387471	0.22637204	-0.66496990	-0.71173782	35.36330575	1250.56339372
W_TST_0574	161.20016847	10.01318008	161.20016847	11.32441465	0.31735413	-0.93223063	-0.17387471	0.31598880	-0.92821994	-0.19636398	1.31123458	1.71933611
W_TST_0575	161.20016847	10.01318008	161.20016847	14.09414521	0.31735413	-0.93223063	-0.17387471	0.31256180	-0.91815311	-0.24351590	4.08096513	16.65427641
W_TST_0576	161.20016847	10.01318008	161.20016847	32.15631595	0.31735413	-0.93223063	-0.17387471	0.27282752	-0.80143331	-0.53223096	22.14313587	490.31846622
