RUN i	SIZE i	MIN_DEPTH d	MAX_DEPTH d
1599	58	1598.85000000	1618.85000000
