ID s	D1.DIPDIR d	D1.DIP d	D2.DIPDIR d	D2.DIP d	T1.X d	T1.Y d	T1.Z d	T2.X d	T2.Y d	T2.Z d	ANG d	MSFT d
W_TST_0569	225.69665195	62.36013062	225.69665195	65.37298434	-0.33199994	-0.32402304	-0.88588098	-0.29821893	-0.29105368	-0.90903973	3.01285373	9.07728757
W_TST_0570	225.69665195	62.36013062	225.69665195	81.14585520	-0.33199994	-0.32402304	-0.88588098	-0.11015289	-0.10750627	-0.98808337	18.78572458	352.90344805
W_TST_0571	225.69665195	62.36013062	225.69665195	20.73423807	-0.33199994	-0.32402304	-0.88588098	-0.66930103	-0.65321988	-0.35403377	41.62589254	1732.71493011
W_TST_0572	225.69665195	62.36013062	225.69665195	88.52462096	-0.33199994	-0.32402304	-0.88588098	-0.01842616	-0.01798344	-0.99966848	26.16449034	684.58055481
W_TST_0573	225.69665195	62.36013062	225.69665195	50.87381169	-0.33199994	-0.32402304	-0.88588098	-0.45159815	-0.44074770	-0.77575806	11.48631893	131.93552251
W_TST_0574	225.69665195	62.36013062	225.69665195	55.54000711	-0.33199994	-0.32402304	-0.88588098	-0.40493779	-0.39520844	-0.82452148	6.82012351	46.51408467
W_TST_0575	225.69665195	62.36013062	225.69665195	72.25850943	-0.33199994	-0.32402304	-0.88588098	-0.21807549	-0.21283584	-0.95244107	9.89837882	97.97790317
W_TST_0576	225.69665195	62.36013062	225.69665195	88.89558903	-0.33199994	-0.32402304	-0.88588098	-0.01379377	-0.01346235	-0.99981423	26.53545841	704.13055322
