RUN i	SIZE i	MIN_DEPTH d	MAX_DEPTH d
1487	17	1486.85000000	1506.85000000
