RUN i	SIZE i	MIN_DEPTH d	MAX_DEPTH d
1429	53	1428.85000000	1448.85000000
