RUN i	SIZE i	MIN_DEPTH d	MAX_DEPTH d
1442	22	1441.84000000	1461.84000000
