D1.DIPDIR d	D1.DIP d	D2.DIPDIR d	D2.DIP d	T1.X d	T1.Y d	T1.Z d	T2.X d	T2.Y d	T2.Z d	ANG d
70.26234384	0.00000000	61.50272873	0.00000000	0.94124879	0.33771394	0.00000000	0.87883984	0.47711691	0.00000000	8.75961512
70.26234384	0.00000000	39.26343338	0.00000000	0.94124879	0.33771394	0.00000000	0.63288687	0.77424428	0.00000000	30.99891046
70.26234384	0.00000000	244.35580243	0.00000000	0.94124879	0.33771394	0.00000000	-0.90149895	-0.43278129	0.00000000	174.09345858
70.26234384	0.00000000	216.56952258	0.00000000	0.94124879	0.33771394	0.00000000	-0.59579775	-0.80313451	0.00000000	146.30717874
