RUN i	SIZE i	MIN_DEPTH d	MAX_DEPTH d
1566	12	1565.84000000	1585.84000000
