RUN i	SIZE i	MIN_DEPTH d	MAX_DEPTH d
1467	20	1466.84000000	1486.84000000
