RUN i	SIZE i	MIN_DEPTH d	MAX_DEPTH d
1603	20	1602.84000000	1622.84000000
