RUN i	SIZE i	MIN_DEPTH d	MAX_DEPTH d
1665	19	1664.84000000	1684.84000000
