RUN i	SIZE i	MIN_DEPTH d	MAX_DEPTH d
1622	26	1621.84000000	1641.84000000
