ID s	D1.DIPDIR d	D1.DIP d	D2.DIPDIR d	D2.DIP d	T1.X d	T1.Y d	T1.Z d	T2.X d	T2.Y d	T2.Z d	ANG d	MSFT d
W_TST_0577	211.68414850	58.51906507	211.68414850	60.51222958	-0.27428615	-0.44438207	-0.85281398	-0.25854112	-0.41887291	-0.87046078	1.99316452	3.97270478
W_TST_0578	211.68414850	58.51906507	211.68414850	45.70022115	-0.27428615	-0.44438207	-0.85281398	-0.36683157	-0.59431864	-0.71569543	12.81884392	164.32275940
W_TST_0579	211.68414850	58.51906507	211.68414850	74.61566081	-0.27428615	-0.44438207	-0.85281398	-0.13934128	-0.22575244	-0.96416795	16.09659574	259.10039453
