RUN i	SIZE i	MIN_DEPTH d	MAX_DEPTH d
1772	32	1771.85000000	1791.85000000
