RUN i	SIZE i	MIN_DEPTH d	MAX_DEPTH d
1579	15	1578.84000000	1598.84000000
