RUN i	SIZE i	MIN_DEPTH d	MAX_DEPTH d
1729	23	1728.84000000	1748.84000000
