RUN i	SIZE i	MIN_DEPTH d	MAX_DEPTH d
1509	15	1508.84000000	1528.84000000
