RUN i	SIZE i	MIN_DEPTH d	MAX_DEPTH d
1634	19	1633.85000000	1653.85000000
