ID s	D1.DIPDIR d	D1.DIP d	D2.DIPDIR d	D2.DIP d	T1.X d	T1.Y d	T1.Z d	T2.X d	T2.Y d	T2.Z d	ANG d
W_TST_0583	219.32735814	29.32553718	219.32735814	76.08017736	-0.55253587	-0.67440966	-0.48977109	-0.15245742	-0.18608522	-0.97063331	46.75464018
W_TST_0582	219.32735814	29.32553718	219.32735814	83.37743225	-0.55253587	-0.67440966	-0.48977109	-0.07308942	-0.08921087	-0.99332742	54.05189507
W_TST_0581	219.32735814	29.32553718	219.32735814	66.28174543	-0.55253587	-0.67440966	-0.48977109	-0.25491940	-0.31114740	-0.91553449	36.95620825
W_TST_0580	219.32735814	29.32553718	219.32735814	63.90519744	-0.55253587	-0.67440966	-0.48977109	-0.27875995	-0.34024651	-0.89806748	34.57966026
W_TST_0579	219.32735814	29.32553718	219.32735814	63.97987187	-0.55253587	-0.67440966	-0.48977109	-0.27801793	-0.33934083	-0.89863999	34.65433468
W_TST_0578	219.32735814	29.32553718	219.32735814	35.39207007	-0.55253587	-0.67440966	-0.48977109	-0.51663829	-0.63059408	-0.57916835	6.06653289
