D1.DIPDIR d	D1.DIP d	D2.DIPDIR d	D2.DIP d	T1.X d	T1.Y d	T1.Z d	T2.X d	T2.Y d	T2.Z d	ANG d
216.50535687	30.37888850	216.50535687	40.83014965	-0.51321849	-0.69343939	-0.50571592	-0.45013019	-0.60819711	-0.65381885	10.45126115
216.50535687	30.37888850	216.50535687	23.74579934	-0.51321849	-0.69343939	-0.50571592	-0.54453448	-0.73575224	-0.40267958	6.63308917
216.50535687	30.37888850	216.50535687	29.92135976	-0.51321849	-0.69343939	-0.50571592	-0.51560450	-0.69666326	-0.49881088	0.45752874
