RUN i	SIZE i	MIN_DEPTH d	MAX_DEPTH d
1386	21	1385.84000000	1405.84000000
