RUN i	SIZE i	MIN_DEPTH d	MAX_DEPTH d
1601	20	1600.84000000	1620.84000000
