RUN i	SIZE i	MIN_DEPTH d	MAX_DEPTH d
1499	25	1498.84000000	1518.84000000
