ID s	D1.DIPDIR d	D1.DIP d	D2.DIPDIR d	D2.DIP d	T1.X d	T1.Y d	T1.Z d	T2.X d	T2.Y d	T2.Z d	ANG d
W_TST_0490	217.91963799	0.00000000	254.56000000	0.00000000	-0.61455562	-0.78887349	0.00000000	-0.96390978	-0.26622912	0.00000000	36.64036201
W_TST_0489	217.91963799	0.00000000	216.53000000	0.00000000	-0.61455562	-0.78887349	0.00000000	-0.59524360	-0.80354530	0.00000000	1.38963799
W_TST_0488	217.91963799	0.00000000	38.56000000	0.00000000	-0.61455562	-0.78887349	0.00000000	0.62333384	0.78195583	0.00000000	179.35963799
W_TST_0487	217.91963799	0.00000000	179.66000000	0.00000000	-0.61455562	-0.78887349	0.00000000	0.00593408	-0.99998239	0.00000000	38.25963799
