RUN i	SIZE i	MIN_DEPTH d	MAX_DEPTH d
1582	42	1581.85000000	1601.85000000
