RUN i	SIZE i	MIN_DEPTH d	MAX_DEPTH d
1506	17	1505.84000000	1525.84000000
