RUN i	SIZE i	MIN_DEPTH d	MAX_DEPTH d
1518	14	1517.84000000	1537.84000000
