RUN i	SIZE i	MIN_DEPTH d	MAX_DEPTH d
1585	21	1584.84000000	1604.84000000
