RUN i	SIZE i	MIN_DEPTH d	MAX_DEPTH d
1549	22	1548.84000000	1568.84000000
