RUN i	SIZE i	MIN_DEPTH d	MAX_DEPTH d
1768	29	1767.84000000	1787.84000000
