RUN i	SIZE i	MIN_DEPTH d	MAX_DEPTH d
1793	18	1792.84000000	1812.84000000
