RUN i	SIZE i	MIN_DEPTH d	MAX_DEPTH d
1761	20	1760.85000000	1780.85000000
