RUN i	SIZE i	MIN_DEPTH d	MAX_DEPTH d
1657	23	1656.84000000	1676.84000000
