ID s	D1.DIPDIR d	D1.DIP d	D2.DIPDIR d	D2.DIP d	T1.X d	T1.Y d	T1.Z d	T2.X d	T2.Y d	T2.Z d	ANG d	MSFT d
W_TST_0571	116.07393433	0.00000000	66.14000000	0.00000000	0.89822763	-0.43953058	0.00000000	0.91453657	0.40450322	0.00000000	49.93393433	2493.39779812
W_TST_0572	116.07393433	0.00000000	173.85000000	0.00000000	0.89822763	-0.43953058	0.00000000	0.10713175	-0.99424483	0.00000000	57.77606567	3338.07376379
W_TST_0573	116.07393433	0.00000000	108.82000000	0.00000000	0.89822763	-0.43953058	0.00000000	0.94653671	-0.32259612	0.00000000	7.25393433	52.61956333
W_TST_0574	116.07393433	0.00000000	86.46000000	0.00000000	0.89822763	-0.43953058	0.00000000	0.99809194	0.06174535	0.00000000	29.61393433	876.98510677
W_TST_0575	116.07393433	0.00000000	216.82000000	0.00000000	0.89822763	-0.43953058	0.00000000	-0.59930307	-0.80052222	0.00000000	100.74606567	10149.76974708
W_TST_0576	116.07393433	0.00000000	208.40000000	0.00000000	0.89822763	-0.43953058	0.00000000	-0.47562421	-0.87964857	0.00000000	92.32606567	8524.10240127
W_TST_0577	116.07393433	0.00000000	110.85000000	0.00000000	0.89822763	-0.43953058	0.00000000	0.93451543	-0.35592262	0.00000000	5.22393433	27.28948993
