RUN i	SIZE i	MIN_DEPTH d	MAX_DEPTH d
1493	25	1492.85000000	1512.85000000
