RUN i	SIZE i	MIN_DEPTH d	MAX_DEPTH d
1504	20	1503.84000000	1523.84000000
