RUN i	SIZE i	MIN_DEPTH d	MAX_DEPTH d
1792	18	1791.84000000	1811.84000000
