RUN i	SIZE i	MIN_DEPTH d	MAX_DEPTH d
1780	32	1779.85000000	1799.85000000
