RUN i	SIZE i	MIN_DEPTH d	MAX_DEPTH d
1450	14	1449.84000000	1469.84000000
