RUN i	SIZE i	MIN_DEPTH d	MAX_DEPTH d
1712	12	1711.85000000	1731.85000000
