RUN i	SIZE i	MIN_DEPTH d	MAX_DEPTH d
1398	20	1397.84000000	1417.84000000
