RUN i	SIZE i	MIN_DEPTH d	MAX_DEPTH d
1401	42	1400.85000000	1420.85000000
