ID s	D1.DIPDIR d	D1.DIP d	D2.DIPDIR d	D2.DIP d	T1.X d	T1.Y d	T1.Z d	T2.X d	T2.Y d	T2.Z d	ANG d
W_TST_0576	99.52605508	0.00000000	208.40000000	0.00000000	0.98621044	-0.16549610	0.00000000	-0.47562421	-0.87964857	0.00000000	108.87394492
W_TST_0575	99.52605508	0.00000000	216.82000000	0.00000000	0.98621044	-0.16549610	0.00000000	-0.59930307	-0.80052222	0.00000000	117.29394492
W_TST_0574	99.52605508	0.00000000	86.46000000	0.00000000	0.98621044	-0.16549610	0.00000000	0.99809194	0.06174535	0.00000000	13.06605508
W_TST_0573	99.52605508	0.00000000	108.82000000	0.00000000	0.98621044	-0.16549610	0.00000000	0.94653671	-0.32259612	0.00000000	9.29394492
W_TST_0572	99.52605508	0.00000000	173.85000000	0.00000000	0.98621044	-0.16549610	0.00000000	0.10713175	-0.99424483	0.00000000	74.32394492
W_TST_0571	99.52605508	0.00000000	66.14000000	0.00000000	0.98621044	-0.16549610	0.00000000	0.91453657	0.40450322	0.00000000	33.38605508
W_TST_0570	99.52605508	0.00000000	321.04000000	0.00000000	0.98621044	-0.16549610	0.00000000	-0.62877769	0.77758512	0.00000000	138.48605509
