RUN i	SIZE i	MIN_DEPTH d	MAX_DEPTH d
1398	43	1397.85000000	1417.85000000
