RUN i	SIZE i	MIN_DEPTH d	MAX_DEPTH d
1630	21	1629.85000000	1649.85000000
