RUN i	SIZE i	MIN_DEPTH d	MAX_DEPTH d
1448	15	1447.84000000	1467.84000000
