RUN i	SIZE i	MIN_DEPTH d	MAX_DEPTH d
1406	15	1405.84000000	1425.84000000
