RUN i	SIZE i	MIN_DEPTH d	MAX_DEPTH d
1427	40	1426.85000000	1446.85000000
