RUN i	SIZE i	MIN_DEPTH d	MAX_DEPTH d
1595	69	1594.85000000	1614.85000000
