RUN i	SIZE i	MIN_DEPTH d	MAX_DEPTH d
1416	19	1415.84000000	1435.84000000
