RUN i	SIZE i	MIN_DEPTH d	MAX_DEPTH d
1372	23	1371.84000000	1391.84000000
