D1.DIPDIR d	D1.DIP d	D2.DIPDIR d	D2.DIP d	T1.X d	T1.Y d	T1.Z d	T2.X d	T2.Y d	T2.Z d	ANG d
226.52323300	45.61828522	226.52323300	77.00272283	-0.50754762	-0.48125372	-0.71469593	-0.16320290	-0.15474805	-0.97438075	31.38443761
226.52323300	45.61828522	226.52323300	53.18764015	-0.50754762	-0.48125372	-0.71469593	-0.43480887	-0.41228325	-0.80060213	7.56935493
226.52323300	45.61828522	226.52323300	74.61566081	-0.50754762	-0.48125372	-0.71469593	-0.19251048	-0.18253732	-0.96416795	28.99737559
226.52323300	45.61828522	226.52323300	45.70022115	-0.50754762	-0.48125372	-0.71469593	-0.50680545	-0.48054999	-0.71569543	0.08193593
