RUN i	SIZE i	MIN_DEPTH d	MAX_DEPTH d
1443	49	1442.85000000	1462.85000000
