RUN i	SIZE i	MIN_DEPTH d	MAX_DEPTH d
1798	19	1797.84000000	1817.84000000
