RUN i	SIZE i	MIN_DEPTH d	MAX_DEPTH d
1792	4	1791.85000000	1811.85000000
