ID s	D1.DIPDIR d	D1.DIP d	D2.DIPDIR d	D2.DIP d	T1.X d	T1.Y d	T1.Z d	T2.X d	T2.Y d	T2.Z d	ANG d
W_TST_0494	56.17277860	6.35509233	56.17277860	27.57000000	0.82561529	0.55326948	-0.11069000	0.73638852	0.49347596	-0.46283196	21.21490767
W_TST_0493	56.17277860	6.35509233	56.17277860	38.29000000	0.82561529	0.55326948	-0.11069000	0.65201934	0.43693765	-0.61964205	31.93490767
W_TST_0492	56.17277860	6.35509233	56.17277860	6.24000000	0.82561529	0.55326948	-0.11069000	0.82579833	0.55339215	-0.10869338	0.11509233
W_TST_0491	56.17277860	6.35509233	56.17277860	34.62000000	0.82561529	0.55326948	-0.11069000	0.68363121	0.45812171	-0.56813104	28.26490767
W_TST_0490	56.17277860	6.35509233	56.17277860	23.72000000	0.82561529	0.55326948	-0.11069000	0.76054270	0.50966240	-0.40226738	17.36490767
W_TST_0489	56.17277860	6.35509233	56.17277860	48.84000000	0.82561529	0.55326948	-0.11069000	0.54675006	0.36639356	-0.75287458	42.48490767
W_TST_0488	56.17277860	6.35509233	56.17277860	30.44000000	0.82561529	0.55326948	-0.11069000	0.71621377	0.47995626	-0.50663579	24.08490767
W_TST_0487	56.17277860	6.35509233	56.17277860	20.43000000	0.82561529	0.55326948	-0.11069000	0.77846724	0.52167417	-0.34906276	14.07490767
