RUN i	SIZE i	MIN_DEPTH d	MAX_DEPTH d
1472	23	1471.84000000	1491.84000000
