RUN i	SIZE i	MIN_DEPTH d	MAX_DEPTH d
1751	25	1750.84000000	1770.84000000
