RUN i	SIZE i	MIN_DEPTH d	MAX_DEPTH d
1767	36	1766.85000000	1786.85000000
