ID s	D1.DIPDIR d	D1.DIP d	D2.DIPDIR d	D2.DIP d	T1.X d	T1.Y d	T1.Z d	T2.X d	T2.Y d	T2.Z d	ANG d	MSFT d
W_TST_0570	224.20866079	0.00000000	293.71840928	0.00000000	-0.69727346	-0.71680522	0.00000000	-0.91553340	0.40224196	0.00000000	69.50974849	4831.60513506
W_TST_0571	224.20866079	0.00000000	202.77268573	0.00000000	-0.69727346	-0.71680522	0.00000000	-0.38707607	-0.92204778	0.00000000	21.43597507	459.50102710
W_TST_0572	224.20866079	0.00000000	204.01545681	0.00000000	-0.69727346	-0.71680522	0.00000000	-0.40698308	-0.91343570	0.00000000	20.19320398	407.76548706
W_TST_0573	224.20866079	0.00000000	179.32358131	0.00000000	-0.69727346	-0.71680522	0.00000000	0.01180546	-0.99993031	0.00000000	44.88507948	2014.67035995
W_TST_0574	224.20866079	0.00000000	221.99311316	0.00000000	-0.69727346	-0.71680522	0.00000000	-0.66904128	-0.74322525	0.00000000	2.21554763	4.90865130
W_TST_0575	224.20866079	0.00000000	232.00871609	0.00000000	-0.69727346	-0.71680522	0.00000000	-0.78810440	-0.61554159	0.00000000	7.80005529	60.84086257
W_TST_0576	224.20866079	0.00000000	224.14818032	0.00000000	-0.69727346	-0.71680522	0.00000000	-0.69651643	-0.71754085	0.00000000	0.06048048	0.00365789
