RUN i	SIZE i	MIN_DEPTH d	MAX_DEPTH d
1642	14	1641.85000000	1661.85000000
