RUN i	SIZE i	MIN_DEPTH d	MAX_DEPTH d
1447	53	1446.85000000	1466.85000000
