RUN i	SIZE i	MIN_DEPTH d	MAX_DEPTH d
1668	17	1667.84000000	1687.84000000
