RUN i	SIZE i	MIN_DEPTH d	MAX_DEPTH d
1714	11	1713.85000000	1733.85000000
