RUN i	SIZE i	MIN_DEPTH d	MAX_DEPTH d
1478	21	1477.84000000	1497.84000000
