RUN i	SIZE i	MIN_DEPTH d	MAX_DEPTH d
1682	19	1681.84000000	1701.84000000
