RUN i	SIZE i	MIN_DEPTH d	MAX_DEPTH d
1726	20	1725.84000000	1745.84000000
