ID s	D1.DIPDIR d	D1.DIP d	D2.DIPDIR d	D2.DIP d	T1.X d	T1.Y d	T1.Z d	T2.X d	T2.Y d	T2.Z d	ANG d	MSFT d
W_TST_0561	216.81166248	12.42212995	216.81166248	7.12207390	-0.58515918	-0.78186657	-0.21511254	-0.59456340	-0.79443212	-0.12398378	5.30005605	28.09059411
W_TST_0562	216.81166248	12.42212995	216.81166248	13.35022691	-0.58515918	-0.78186657	-0.21511254	-0.58299465	-0.77897442	-0.23090276	0.92809695	0.86136396
W_TST_0563	216.81166248	12.42212995	216.81166248	53.69424140	-0.58515918	-0.78186657	-0.21511254	-0.35477488	-0.47403618	-0.80586878	41.27211145	1703.38718316
W_TST_0564	216.81166248	12.42212995	216.81166248	12.95907282	-0.58515918	-0.78186657	-0.21511254	-0.58392559	-0.78021830	-0.22425499	0.53694287	0.28830764
W_TST_0565	216.81166248	12.42212995	216.81166248	6.75585385	-0.58515918	-0.78186657	-0.21511254	-0.59502609	-0.79505035	-0.11763886	5.66627610	32.10668484
W_TST_0566	216.81166248	12.42212995	216.81166248	57.28963000	-0.58515918	-0.78186657	-0.21511254	-0.32379600	-0.43264342	-0.84141299	44.86750005	2013.09256055
W_TST_0567	216.81166248	12.42212995	216.81166248	30.62708232	-0.58515918	-0.78186657	-0.21511254	-0.51560084	-0.68892547	-0.50944821	18.20495236	331.42029060
W_TST_0568	216.81166248	12.42212995	216.81166248	40.79049535	-0.58515918	-0.78186657	-0.21511254	-0.45364622	-0.60614415	-0.65329502	28.36836539	804.76415505
W_TST_0569	216.81166248	12.42212995	216.81166248	7.02454167	-0.58515918	-0.78186657	-0.21511254	-0.59468900	-0.79459994	-0.12229447	5.39758828	29.13395926
