RUN i	SIZE i	MIN_DEPTH d	MAX_DEPTH d
1717	21	1716.84000000	1736.84000000
