RUN i	SIZE i	MIN_DEPTH d	MAX_DEPTH d
1671	17	1670.84000000	1690.84000000
