RUN i	SIZE i	MIN_DEPTH d	MAX_DEPTH d
1584	19	1583.84000000	1603.84000000
