RUN i	SIZE i	MIN_DEPTH d	MAX_DEPTH d
1664	18	1663.84000000	1683.84000000
