RUN i	SIZE i	MIN_DEPTH d	MAX_DEPTH d
1592	64	1591.85000000	1611.85000000
