RUN i	SIZE i	MIN_DEPTH d	MAX_DEPTH d
1445	51	1444.85000000	1464.85000000
