RUN i	SIZE i	MIN_DEPTH d	MAX_DEPTH d
1544	23	1543.85000000	1563.85000000
