RUN i	SIZE i	MIN_DEPTH d	MAX_DEPTH d
1497	22	1496.84000000	1516.84000000
