ID s	D1.DIPDIR d	D1.DIP d	D2.DIPDIR d	D2.DIP d	T1.X d	T1.Y d	T1.Z d	T2.X d	T2.Y d	T2.Z d	ANG d
W_TST_0576	99.52605508	10.70406868	99.52605508	21.69000000	0.96905000	-0.16261640	-0.18573639	0.91638388	-0.15377849	-0.36958459	10.98593132
W_TST_0575	99.52605508	10.70406868	99.52605508	3.39000000	0.96905000	-0.16261640	-0.18573639	0.98448474	-0.16520651	-0.05913215	7.31406868
W_TST_0574	99.52605508	10.70406868	99.52605508	16.59000000	0.96905000	-0.16261640	-0.18573639	0.94515689	-0.15860690	-0.28552110	5.88593132
W_TST_0573	99.52605508	10.70406868	99.52605508	49.07000000	0.96905000	-0.16261640	-0.18573639	0.64610245	-0.10842253	-0.75551054	38.36593132
W_TST_0572	99.52605508	10.70406868	99.52605508	34.35000000	0.96905000	-0.16261640	-0.18573639	0.81422147	-0.13663461	-0.56424674	23.64593132
W_TST_0571	99.52605508	10.70406868	99.52605508	51.63000000	0.96905000	-0.16261640	-0.18573639	0.61217766	-0.10272961	-0.78401858	40.92593132
W_TST_0570	99.52605508	10.70406868	99.52605508	59.58000000	0.96905000	-0.16261640	-0.18573639	0.49935268	-0.08379644	-0.86233698	48.87593132
