ID s	D1.DIPDIR d	D1.DIP d	D2.DIPDIR d	D2.DIP d	T1.X d	T1.Y d	T1.Z d	T2.X d	T2.Y d	T2.Z d	ANG d	MSFT d
W_TST_0569	78.98918505	15.92512907	78.98918505	3.70000000	0.94391872	0.18366412	-0.27438100	0.97954514	0.19059618	-0.06453231	12.22512907	149.45378072
W_TST_0570	78.98918505	15.92512907	78.98918505	59.58000000	0.94391872	0.18366412	-0.27438100	0.49701377	0.09670705	-0.86233698	43.65487093	1905.74775611
W_TST_0571	78.98918505	15.92512907	78.98918505	51.63000000	0.94391872	0.18366412	-0.27438100	0.60931029	0.11855728	-0.78401858	35.70487093	1274.83780828
W_TST_0572	78.98918505	15.92512907	78.98918505	34.35000000	0.94391872	0.18366412	-0.27438100	0.81040775	0.15768606	-0.56424674	18.42487093	339.47586887
W_TST_0573	78.98918505	15.92512907	78.98918505	49.07000000	0.94391872	0.18366412	-0.27438100	0.64307618	0.12512732	-0.75551054	33.14487093	1098.58246911
W_TST_0574	78.98918505	15.92512907	78.98918505	16.59000000	0.94391872	0.18366412	-0.27438100	0.94072989	0.18304365	-0.28552110	0.66487093	0.44205336
