RUN i	SIZE i	MIN_DEPTH d	MAX_DEPTH d
1800	18	1799.84000000	1819.84000000
