RUN i	SIZE i	MIN_DEPTH d	MAX_DEPTH d
1737	28	1736.84000000	1756.84000000
