RUN i	SIZE i	MIN_DEPTH d	MAX_DEPTH d
1461	19	1460.84000000	1480.84000000
