RUN i	SIZE i	MIN_DEPTH d	MAX_DEPTH d
1610	24	1609.84000000	1629.84000000
