D1.DIPDIR d	D1.DIP d	D2.DIPDIR d	D2.DIP d	T1.X d	T1.Y d	T1.Z d	T2.X d	T2.Y d	T2.Z d	ANG d
243.64361186	0.00000000	303.04000000	0.00000000	-0.89604994	-0.44395326	0.00000000	-0.83829013	0.54522440	0.00000000	59.39638814
243.64361186	0.00000000	276.04000000	0.00000000	-0.89604994	-0.44395326	0.00000000	-0.99444868	0.10522274	0.00000000	32.39638814
243.64361186	0.00000000	34.49000000	0.00000000	-0.89604994	-0.44395326	0.00000000	0.56626239	0.82422503	0.00000000	150.84638815
243.64361186	0.00000000	220.01000000	0.00000000	-0.89604994	-0.44395326	0.00000000	-0.64292130	-0.76593224	0.00000000	23.63361186
243.64361186	0.00000000	278.95000000	0.00000000	-0.89604994	-0.44395326	0.00000000	-0.98782448	0.15557248	0.00000000	35.30638814
243.64361186	0.00000000	172.69000000	0.00000000	-0.89604994	-0.44395326	0.00000000	0.12723772	-0.99187225	0.00000000	70.95361186
243.64361186	0.00000000	229.88000000	0.00000000	-0.89604994	-0.44395326	0.00000000	-0.76469651	-0.64439060	0.00000000	13.76361186
243.64361186	0.00000000	148.01000000	0.00000000	-0.89604994	-0.44395326	0.00000000	0.52977124	-0.84814057	0.00000000	95.63361186
