RUN i	SIZE i	MIN_DEPTH d	MAX_DEPTH d
1626	26	1625.84000000	1645.84000000
