ID s	D1.DIPDIR d	D1.DIP d	D2.DIPDIR d	D2.DIP d	T1.X d	T1.Y d	T1.Z d	T2.X d	T2.Y d	T2.Z d	ANG d	MSFT d
W_TST_0572	212.34631936	47.08599898	212.34631936	81.37289023	-0.36430560	-0.57524433	-0.73237653	-0.08025702	-0.12672711	-0.98868552	34.28689125	1175.59091133
W_TST_0573	212.34631936	47.08599898	212.34631936	58.89883683	-0.36430560	-0.57524433	-0.73237653	-0.27637297	-0.43639732	-0.85625660	11.81283785	139.54313799
W_TST_0574	212.34631936	47.08599898	212.34631936	66.25841369	-0.36430560	-0.57524433	-0.73237653	-0.21541186	-0.34013876	-0.91537061	19.17241471	367.58148582
W_TST_0575	212.34631936	47.08599898	212.34631936	82.86842250	-0.36430560	-0.57524433	-0.73237653	-0.06642378	-0.10488421	-0.99226367	35.78242352	1280.38183308
W_TST_0576	212.34631936	47.08599898	212.34631936	80.38320865	-0.36430560	-0.57524433	-0.73237653	-0.08938180	-0.14113529	-0.98594712	33.29720966	1108.70417146
W_TST_0577	212.34631936	47.08599898	212.34631936	60.51222958	-0.36430560	-0.57524433	-0.73237653	-0.26336469	-0.41585703	-0.87046078	13.42623060	180.26366812
W_TST_0578	212.34631936	47.08599898	212.34631936	45.70022115	-0.36430560	-0.57524433	-0.73237653	-0.37367550	-0.59003955	-0.71569543	1.38577783	1.92038020
W_TST_0579	212.34631936	47.08599898	212.34631936	74.61566081	-0.36430560	-0.57524433	-0.73237653	-0.14194095	-0.22412702	-0.96416795	27.52966183	757.88228037
