RUN i	SIZE i	MIN_DEPTH d	MAX_DEPTH d
1787	22	1786.84000000	1806.84000000
