RUN i	SIZE i	MIN_DEPTH d	MAX_DEPTH d
1505	18	1504.84000000	1524.84000000
