RUN i	SIZE i	MIN_DEPTH d	MAX_DEPTH d
1590	21	1589.84000000	1609.84000000
