RUN i	SIZE i	MIN_DEPTH d	MAX_DEPTH d
1725	15	1724.85000000	1744.85000000
