RUN i	SIZE i	MIN_DEPTH d	MAX_DEPTH d
1752	25	1751.84000000	1771.84000000
