RUN i	SIZE i	MIN_DEPTH d	MAX_DEPTH d
1455	41	1454.85000000	1474.85000000
