RUN i	SIZE i	MIN_DEPTH d	MAX_DEPTH d
1773	30	1772.84000000	1792.84000000
