RUN i	SIZE i	MIN_DEPTH d	MAX_DEPTH d
1575	15	1574.84000000	1594.84000000
