RUN i	SIZE i	MIN_DEPTH d	MAX_DEPTH d
1687	7	1686.85000000	1706.85000000
