D1.DIPDIR d	D1.DIP d	D2.DIPDIR d	D2.DIP d	T1.X d	T1.Y d	T1.Z d	T2.X d	T2.Y d	T2.Z d	ANG d
31.43368728	76.77581831	31.43368728	76.77581831	0.11930186	0.19518966	-0.97348244	0.11930186	0.19518966	-0.97348244	0.02562345
