RUN i	SIZE i	MIN_DEPTH d	MAX_DEPTH d
1511	18	1510.84000000	1530.84000000
