ID s	D1.DIPDIR d	D1.DIP d	D2.DIPDIR d	D2.DIP d	T1.X d	T1.Y d	T1.Z d	T2.X d	T2.Y d	T2.Z d	ANG d
W_TST_0575	137.30418415	0.00000000	221.90076312	0.00000000	0.67810600	-0.73496412	0.00000000	-0.66784247	-0.74430265	0.00000000	84.59657897
W_TST_0574	137.30418415	0.00000000	125.59483738	0.00000000	0.67810600	-0.73496412	0.00000000	0.81315321	-0.58204970	0.00000000	11.70934677
W_TST_0573	137.30418415	0.00000000	118.17830988	0.00000000	0.67810600	-0.73496412	0.00000000	0.88148228	-0.47221710	0.00000000	19.12587427
W_TST_0572	137.30418415	0.00000000	183.50845562	0.00000000	0.67810600	-0.73496412	0.00000000	-0.06119584	-0.99812578	0.00000000	46.20427148
W_TST_0571	137.30418415	0.00000000	70.37211155	0.00000000	0.67810600	-0.73496412	0.00000000	0.94189406	0.33591007	0.00000000	66.93207259
W_TST_0570	137.30418415	0.00000000	314.63826170	0.00000000	0.67810600	-0.73496412	0.00000000	-0.71155699	0.70262838	0.00000000	177.33407755
W_TST_0569	137.30418415	0.00000000	224.46236841	0.00000000	0.67810600	-0.73496412	0.00000000	-0.70044065	-0.71371065	0.00000000	87.15818426
