D1.DIPDIR d	D1.DIP d	D2.DIPDIR d	D2.DIP d	T1.X d	T1.Y d	T1.Z d	T2.X d	T2.Y d	T2.Z d	ANG d
276.26257261	51.41382134	276.26257261	81.14585520	-0.61996913	0.06803534	-0.78167095	-0.15300112	0.01679033	-0.98808337	29.73203386
276.26257261	51.41382134	276.26257261	65.37298434	-0.61996913	0.06803534	-0.78167095	-0.41422272	0.04545675	-0.90903973	13.95916301
276.26257261	51.41382134	276.26257261	43.85222344	-0.61996913	0.06803534	-0.78167095	-0.71682567	0.07866436	-0.69280075	7.56159790
276.26257261	51.41382134	276.26257261	84.87691298	-0.61996913	0.06803534	-0.78167095	-0.08876276	0.00974081	-0.99600517	33.46309164
276.26257261	51.41382134	276.26257261	79.31802542	-0.61996913	0.06803534	-0.78167095	-0.18425134	0.02021972	-0.98267116	27.90420408
276.26257261	51.41382134	276.26257261	58.74764995	-0.61996913	0.06803534	-0.78167095	-0.51571230	0.05659421	-0.85489059	7.33382861
276.26257261	51.41382134	276.26257261	51.69776194	-0.61996913	0.06803534	-0.78167095	-0.61611093	0.06761194	-0.78475216	0.28394061
276.26257261	51.41382134	276.26257261	73.61127078	-0.61996913	0.06803534	-0.78167095	-0.28046898	0.03077863	-0.95936950	22.19744944
