D1.DIPDIR d	D1.DIP d	D2.DIPDIR d	D2.DIP d	T1.X d	T1.Y d	T1.Z d	T2.X d	T2.Y d	T2.Z d	ANG d
134.20186472	19.59319983	134.20186472	17.58811318	0.67537814	-0.65681931	-0.33533976	0.68337583	-0.66459723	-0.30217213	2.00508666
134.20186472	19.59319983	134.20186472	23.47979273	0.67537814	-0.65681931	-0.33533976	0.65753006	-0.63946169	-0.39842561	3.88659289
134.20186472	19.59319983	134.20186472	45.20860357	0.67537814	-0.65681931	-0.33533976	0.50506736	-0.49118853	-0.70967654	25.61540374
134.20186472	19.59319983	134.20186472	32.15631595	0.67537814	-0.65681931	-0.33533976	0.60691674	-0.59023917	-0.53223096	12.56311611
134.20186472	19.59319983	134.20186472	14.09414521	0.67537814	-0.65681931	-0.33533976	0.69530737	-0.67620090	-0.24351590	5.49905462
134.20186472	19.59319983	134.20186472	11.32441465	0.67537814	-0.65681931	-0.33533976	0.70293088	-0.68361492	-0.19636398	8.26878518
134.20186472	19.59319983	134.20186472	45.37648583	0.67537814	-0.65681931	-0.33533976	0.50357448	-0.48973668	-0.71173782	25.78328600
134.20186472	19.59319983	134.20186472	41.98987643	0.67537814	-0.65681931	-0.33533976	0.53283629	-0.51819440	-0.66899929	22.39667660
134.20186472	19.59319983	134.20186472	41.87992041	0.67537814	-0.65681931	-0.33533976	0.53375571	-0.51908854	-0.66757167	22.28672058
