RUN i	SIZE i	MIN_DEPTH d	MAX_DEPTH d
1422	25	1421.84000000	1441.84000000
