RUN i	SIZE i	MIN_DEPTH d	MAX_DEPTH d
1377	32	1376.85000000	1396.85000000
