RUN i	SIZE i	MIN_DEPTH d	MAX_DEPTH d
1511	32	1510.85000000	1530.85000000
