D1.DIPDIR d	D1.DIP d	D2.DIPDIR d	D2.DIP d	T1.X d	T1.Y d	T1.Z d	T2.X d	T2.Y d	T2.Z d	ANG d
248.66902784	0.00000000	44.15693778	0.00000000	-0.93149473	-0.36375482	0.00000000	0.69662609	0.71743438	0.00000000	155.48790994
248.66902784	0.00000000	231.66590176	0.00000000	-0.93149473	-0.36375482	0.00000000	-0.78440738	-0.62024596	0.00000000	17.00312609
248.66902784	0.00000000	222.14523654	0.00000000	-0.93149473	-0.36375482	0.00000000	-0.67101222	-0.74144629	0.00000000	26.52379130
248.66902784	0.00000000	184.35392736	0.00000000	-0.93149473	-0.36375482	0.00000000	-0.07591725	-0.99711412	0.00000000	64.31510049
248.66902784	0.00000000	23.78978352	0.00000000	-0.93149473	-0.36375482	0.00000000	0.40338214	0.91503161	0.00000000	135.12075569
248.66902784	0.00000000	209.42141952	0.00000000	-0.93149473	-0.36375482	0.00000000	-0.49122941	-0.87103023	0.00000000	39.24760833
248.66902784	0.00000000	292.48489888	0.00000000	-0.93149473	-0.36375482	0.00000000	-0.92398036	0.38243992	0.00000000	43.81587104
