RUN i	SIZE i	MIN_DEPTH d	MAX_DEPTH d
1396	17	1395.84000000	1415.84000000
