RUN i	SIZE i	MIN_DEPTH d	MAX_DEPTH d
1513	31	1512.85000000	1532.85000000
