RUN i	SIZE i	MIN_DEPTH d	MAX_DEPTH d
1618	24	1617.84000000	1637.84000000
