ID s	D1.DIPDIR d	D1.DIP d	D2.DIPDIR d	D2.DIP d	T1.X d	T1.Y d	T1.Z d	T2.X d	T2.Y d	T2.Z d	ANG d	MSFT d
W_TST_0577	155.76876759	19.72149452	155.76876759	45.20860357	0.38634658	-0.85840834	-0.33744843	0.28915236	-0.64245632	-0.70967654	25.48710905	649.59272770
W_TST_0578	155.76876759	19.72149452	155.76876759	23.47979273	0.38634658	-0.85840834	-0.33744843	0.37643765	-0.83639209	-0.39842561	3.75829820	14.12480539
W_TST_0579	155.76876759	19.72149452	155.76876759	17.58811318	0.38634658	-0.85840834	-0.33744843	0.39123442	-0.86926845	-0.30217213	2.13338135	4.55131597
W_TST_0580	155.76876759	19.72149452	155.76876759	58.99137130	0.38634658	-0.85840834	-0.33744843	0.21143500	-0.46977914	-0.85708973	39.26987678	1542.12322226
