D1.DIPDIR d	D1.DIP d	D2.DIPDIR d	D2.DIP d	T1.X d	T1.Y d	T1.Z d	T2.X d	T2.Y d	T2.Z d	ANG d
220.27930354	24.72342108	220.27930354	33.34110704	-0.58725300	-0.69297226	-0.41823841	-0.54010657	-0.63733837	-0.54962233	8.61768596
220.27930354	24.72342108	220.27930354	59.49252321	-0.58725300	-0.69297226	-0.41823841	-0.32820347	-0.38728776	-0.86156292	34.76910213
220.27930354	24.72342108	220.27930354	19.77814478	-0.58725300	-0.69297226	-0.41823841	-0.60837631	-0.71789826	-0.33837900	4.94527630
220.27930354	24.72342108	220.27930354	29.08261615	-0.58725300	-0.69297226	-0.41823841	-0.56500156	-0.66671504	-0.48607025	4.35919507
