RUN i	SIZE i	MIN_DEPTH d	MAX_DEPTH d
1663	22	1662.84000000	1682.84000000
