RUN i	SIZE i	MIN_DEPTH d	MAX_DEPTH d
1654	24	1653.84000000	1673.84000000
