RUN i	SIZE i	MIN_DEPTH d	MAX_DEPTH d
1591	18	1590.84000000	1610.84000000
