RUN i	SIZE i	MIN_DEPTH d	MAX_DEPTH d
1418	35	1417.85000000	1437.85000000
