ID s	D1.DIPDIR d	D1.DIP d	D2.DIPDIR d	D2.DIP d	T1.X d	T1.Y d	T1.Z d	T2.X d	T2.Y d	T2.Z d	ANG d
W_TST_0579	109.00430496	0.00000000	121.88000000	0.00000000	0.94549411	-0.32563920	0.00000000	0.84915610	-0.52814196	0.00000000	12.87569504
W_TST_0578	109.00430496	0.00000000	44.37000000	0.00000000	0.94549411	-0.32563920	0.00000000	0.69928915	0.71483892	0.00000000	64.63430496
W_TST_0577	109.00430496	0.00000000	110.85000000	0.00000000	0.94549411	-0.32563920	0.00000000	0.93451543	-0.35592262	0.00000000	1.84569504
W_TST_0576	109.00430496	0.00000000	208.40000000	0.00000000	0.94549411	-0.32563920	0.00000000	-0.47562421	-0.87964857	0.00000000	99.39569504
W_TST_0575	109.00430496	0.00000000	216.82000000	0.00000000	0.94549411	-0.32563920	0.00000000	-0.59930307	-0.80052222	0.00000000	107.81569504
