RUN i	SIZE i	MIN_DEPTH d	MAX_DEPTH d
1634	26	1633.84000000	1653.84000000
