RUN i	SIZE i	MIN_DEPTH d	MAX_DEPTH d
1765	34	1764.85000000	1784.85000000
