D1.DIPDIR d	D1.DIP d	D2.DIPDIR d	D2.DIP d	T1.X d	T1.Y d	T1.Z d	T2.X d	T2.Y d	T2.Z d	ANG d
265.16594133	67.06358376	265.16594133	81.14585520	-0.38832314	-0.03284088	-0.92093790	-0.15337215	-0.01297084	-0.98808337	14.08227144
265.16594133	67.06358376	265.16594133	65.37298434	-0.38832314	-0.03284088	-0.92093790	-0.41522720	-0.03511618	-0.90903973	1.69059942
265.16594133	67.06358376	265.16594133	43.85222344	-0.38832314	-0.03284088	-0.92093790	-0.71856396	-0.06076968	-0.69280075	23.21136032
265.16594133	67.06358376	265.16594133	84.87691298	-0.38832314	-0.03284088	-0.92093790	-0.08897801	-0.00752496	-0.99600517	17.81332922
