RUN i	SIZE i	MIN_DEPTH d	MAX_DEPTH d
1600	53	1599.85000000	1619.85000000
