RUN i	SIZE i	MIN_DEPTH d	MAX_DEPTH d
1446	20	1445.84000000	1465.84000000
