RUN i	SIZE i	MIN_DEPTH d	MAX_DEPTH d
1543	20	1542.84000000	1562.84000000
