RUN i	SIZE i	MIN_DEPTH d	MAX_DEPTH d
1608	40	1607.85000000	1627.85000000
