RUN i	SIZE i	MIN_DEPTH d	MAX_DEPTH d
1553	26	1552.84000000	1572.84000000
