RUN i	SIZE i	MIN_DEPTH d	MAX_DEPTH d
1703	15	1702.84000000	1722.84000000
