RUN i	SIZE i	MIN_DEPTH d	MAX_DEPTH d
1711	12	1710.85000000	1730.85000000
