RUN i	SIZE i	MIN_DEPTH d	MAX_DEPTH d
1517	16	1516.84000000	1536.84000000
