RUN i	SIZE i	MIN_DEPTH d	MAX_DEPTH d
1413	17	1412.84000000	1432.84000000
