RUN i	SIZE i	MIN_DEPTH d	MAX_DEPTH d
1761	30	1760.84000000	1780.84000000
