RUN i	SIZE i	MIN_DEPTH d	MAX_DEPTH d
1695	14	1694.84000000	1714.84000000
