RUN i	SIZE i	MIN_DEPTH d	MAX_DEPTH d
1745	28	1744.84000000	1764.84000000
