RUN i	SIZE i	MIN_DEPTH d	MAX_DEPTH d
1438	24	1437.84000000	1457.84000000
