RUN i	SIZE i	MIN_DEPTH d	MAX_DEPTH d
1722	12	1721.85000000	1741.85000000
