RUN i	SIZE i	MIN_DEPTH d	MAX_DEPTH d
1420	34	1419.85000000	1439.85000000
