RUN i	SIZE i	MIN_DEPTH d	MAX_DEPTH d
1675	20	1674.84000000	1694.84000000
