RUN i	SIZE i	MIN_DEPTH d	MAX_DEPTH d
1387	20	1386.84000000	1406.84000000
