ID s	D1.DIPDIR d	D1.DIP d	D2.DIPDIR d	D2.DIP d	T1.X d	T1.Y d	T1.Z d	T2.X d	T2.Y d	T2.Z d	ANG d
W_TST_0579	209.91787142	48.05783563	209.91787142	63.97987187	-0.33336001	-0.57931260	-0.74381988	-0.21879863	-0.38022799	-0.89863999	15.92203624
W_TST_0578	209.91787142	48.05783563	209.91787142	35.39207007	-0.33336001	-0.57931260	-0.74381988	-0.40659159	-0.70657434	-0.57916835	12.66576556
W_TST_0577	209.91787142	48.05783563	209.91787142	52.44236768	-0.33336001	-0.57931260	-0.74381988	-0.30402256	-0.52833003	-0.79274060	4.38453205
