RUN i	SIZE i	MIN_DEPTH d	MAX_DEPTH d
1632	19	1631.85000000	1651.85000000
