RUN i	SIZE i	MIN_DEPTH d	MAX_DEPTH d
1537	26	1536.85000000	1556.85000000
