RUN i	SIZE i	MIN_DEPTH d	MAX_DEPTH d
1784	21	1783.85000000	1803.85000000
