RUN i	SIZE i	MIN_DEPTH d	MAX_DEPTH d
1373	21	1372.84000000	1392.84000000
