RUN i	SIZE i	MIN_DEPTH d	MAX_DEPTH d
1692	6	1691.85000000	1711.85000000
