RUN i	SIZE i	MIN_DEPTH d	MAX_DEPTH d
1473	23	1472.84000000	1492.84000000
