D1.DIPDIR d	D1.DIP d	D2.DIPDIR d	D2.DIP d	T1.X d	T1.Y d	T1.Z d	T2.X d	T2.Y d	T2.Z d	ANG d
31.74539594	87.26718996	31.74539594	87.26718996	0.02508581	0.04054549	-0.99886274	0.02508581	0.04054549	-0.99886274	0.02562345
