RUN i	SIZE i	MIN_DEPTH d	MAX_DEPTH d
1714	24	1713.84000000	1733.84000000
