D1.DIPDIR d	D1.DIP d	D2.DIPDIR d	D2.DIP d	T1.X d	T1.Y d	T1.Z d	T2.X d	T2.Y d	T2.Z d	ANG d
195.29785334	0.00000000	99.99298762	0.00000000	-0.26383691	-0.96456730	0.00000000	0.98482900	-0.17352765	0.00000000	95.30486572
195.29785334	0.00000000	239.25147789	0.00000000	-0.26383691	-0.96456730	0.00000000	-0.85941960	-0.51127092	0.00000000	43.95362455
195.29785334	0.00000000	235.40846588	0.00000000	-0.26383691	-0.96456730	0.00000000	-0.82322026	-0.56772211	0.00000000	40.11061254
195.29785334	0.00000000	231.46592876	0.00000000	-0.26383691	-0.96456730	0.00000000	-0.78223784	-0.62297991	0.00000000	36.16807542
195.29785334	0.00000000	92.11694339	0.00000000	-0.26383691	-0.96456730	0.00000000	0.99931751	-0.03693923	0.00000000	103.18090996
195.29785334	0.00000000	2.43851760	0.00000000	-0.26383691	-0.96456730	0.00000000	0.04254731	0.99909445	0.00000000	167.14066426
195.29785334	0.00000000	50.16369186	0.00000000	-0.26383691	-0.96456730	0.00000000	0.76787773	0.64059643	0.00000000	145.13416149
195.29785334	0.00000000	218.54301171	0.00000000	-0.26383691	-0.96456730	0.00000000	-0.62310196	-0.78214062	0.00000000	23.24515837
