RUN i	SIZE i	MIN_DEPTH d	MAX_DEPTH d
1370	37	1369.85000000	1389.85000000
