RUN i	SIZE i	MIN_DEPTH d	MAX_DEPTH d
1399	44	1398.85000000	1418.85000000
