RUN i	SIZE i	MIN_DEPTH d	MAX_DEPTH d
1708	20	1707.84000000	1727.84000000
