ID s	D1.DIPDIR d	D1.DIP d	D2.DIPDIR d	D2.DIP d	T1.X d	T1.Y d	T1.Z d	T2.X d	T2.Y d	T2.Z d	ANG d	MSFT d
W_TST_0487	56.17277860	0.00000000	179.66000000	0.00000000	0.83072008	0.55669036	0.00000000	0.00593408	-0.99998239	0.00000000	123.48722140	15249.09385020
W_TST_0488	56.17277860	0.00000000	38.56000000	0.00000000	0.83072008	0.55669036	0.00000000	0.62333384	0.78195583	0.00000000	17.61277860	310.20996985
W_TST_0489	56.17277860	0.00000000	216.53000000	0.00000000	0.83072008	0.55669036	0.00000000	-0.59524360	-0.80354530	0.00000000	160.35722140	25714.43845657
W_TST_0490	56.17277860	0.00000000	254.56000000	0.00000000	0.83072008	0.55669036	0.00000000	-0.96390978	-0.26622912	0.00000000	161.61277861	26118.69020869
W_TST_0491	56.17277860	0.00000000	56.85000000	0.00000000	0.83072008	0.55669036	0.00000000	0.83724183	0.54683280	0.00000000	0.67722140	0.45862883
W_TST_0492	56.17277860	0.00000000	294.04000000	0.00000000	0.83072008	0.55669036	0.00000000	-0.91326128	0.40737432	0.00000000	122.13277861	14916.41560997
W_TST_0493	56.17277860	0.00000000	54.24000000	0.00000000	0.83072008	0.55669036	0.00000000	0.81147200	0.58439130	0.00000000	1.93277860	3.73563310
W_TST_0494	56.17277860	0.00000000	36.24000000	0.00000000	0.83072008	0.55669036	0.00000000	0.59116889	0.80654779	0.00000000	19.93277860	397.31566254
