RUN i	SIZE i	MIN_DEPTH d	MAX_DEPTH d
1570	27	1569.85000000	1589.85000000
