RUN i	SIZE i	MIN_DEPTH d	MAX_DEPTH d
1796	1	1795.85000000	1815.85000000
