RUN i	SIZE i	MIN_DEPTH d	MAX_DEPTH d
1696	14	1695.84000000	1715.84000000
