D1.DIPDIR d	D1.DIP d	D2.DIPDIR d	D2.DIP d	T1.X d	T1.Y d	T1.Z d	T2.X d	T2.Y d	T2.Z d	ANG d
140.80668738	23.09082264	140.80668738	45.20860357	0.58131064	-0.71292714	-0.39218978	0.44521839	-0.54602179	-0.70967654	22.11778094
140.80668738	23.09082264	140.80668738	32.15631595	0.58131064	-0.71292714	-0.39218978	0.53499893	-0.65612983	-0.53223096	9.06549331
140.80668738	23.09082264	140.80668738	14.09414521	0.58131064	-0.71292714	-0.39218978	0.61291553	-0.75168780	-0.24351590	8.99667743
140.80668738	23.09082264	140.80668738	11.32441465	0.58131064	-0.71292714	-0.39218978	0.61963568	-0.75992948	-0.19636398	11.76640798
140.80668738	23.09082264	140.80668738	45.37648583	0.58131064	-0.71292714	-0.39218978	0.44390242	-0.54440786	-0.71173782	22.28566319
140.80668738	23.09082264	140.80668738	41.98987643	0.58131064	-0.71292714	-0.39218978	0.46969679	-0.57604242	-0.66899929	18.89905380
140.80668738	23.09082264	140.80668738	41.87992041	0.58131064	-0.71292714	-0.39218978	0.47050726	-0.57703639	-0.66757167	18.78909778
