RUN i	SIZE i	MIN_DEPTH d	MAX_DEPTH d
1752	22	1751.85000000	1771.85000000
