RUN i	SIZE i	MIN_DEPTH d	MAX_DEPTH d
1731	25	1730.84000000	1750.84000000
