RUN i	SIZE i	MIN_DEPTH d	MAX_DEPTH d
1401	20	1400.84000000	1420.84000000
