RUN i	SIZE i	MIN_DEPTH d	MAX_DEPTH d
1610	37	1609.85000000	1629.85000000
