D1.DIPDIR d	D1.DIP d	D2.DIPDIR d	D2.DIP d	T1.X d	T1.Y d	T1.Z d	T2.X d	T2.Y d	T2.Z d	ANG d
211.68414850	0.00000000	216.49384723	0.00000000	-0.52523624	-0.85095645	0.00000000	-0.59473646	-0.80392073	0.00000000	4.80969873
211.68414850	0.00000000	237.88628537	0.00000000	-0.52523624	-0.85095645	0.00000000	-0.84699470	-0.53160134	0.00000000	26.20213687
211.68414850	0.00000000	184.56079396	0.00000000	-0.52523624	-0.85095645	0.00000000	-0.07951684	-0.99683352	0.00000000	27.12335454
