RUN i	SIZE i	MIN_DEPTH d	MAX_DEPTH d
1614	20	1613.85000000	1633.85000000
