RUN i	SIZE i	MIN_DEPTH d	MAX_DEPTH d
1563	14	1562.84000000	1582.84000000
