ID s	D1.DIPDIR d	D1.DIP d	D2.DIPDIR d	D2.DIP d	T1.X d	T1.Y d	T1.Z d	T2.X d	T2.Y d	T2.Z d	ANG d
W_TST_0574	246.81524280	0.00000000	222.14523654	0.00000000	-0.91924011	-0.39369737	0.00000000	-0.67101222	-0.74144629	0.00000000	24.67000625
W_TST_0573	246.81524280	0.00000000	184.35392736	0.00000000	-0.91924011	-0.39369737	0.00000000	-0.07591725	-0.99711412	0.00000000	62.46131544
W_TST_0572	246.81524280	0.00000000	23.78978352	0.00000000	-0.91924011	-0.39369737	0.00000000	0.40338214	0.91503161	0.00000000	136.97454074
W_TST_0571	246.81524280	0.00000000	209.42141952	0.00000000	-0.91924011	-0.39369737	0.00000000	-0.49122941	-0.87103023	0.00000000	37.39382328
W_TST_0570	246.81524280	0.00000000	292.48489888	0.00000000	-0.91924011	-0.39369737	0.00000000	-0.92398036	0.38243992	0.00000000	45.66965609
W_TST_0569	246.81524280	0.00000000	233.14169461	0.00000000	-0.91924011	-0.39369737	0.00000000	-0.80012138	-0.59983813	0.00000000	13.67354819
W_TST_0568	246.81524280	0.00000000	276.52357796	0.00000000	-0.91924011	-0.39369737	0.00000000	-0.99352519	0.11361207	0.00000000	29.70833516
W_TST_0567	246.81524280	0.00000000	71.51532887	0.00000000	-0.91924011	-0.39369737	0.00000000	0.94840851	0.31705093	0.00000000	175.29991393
