RUN i	SIZE i	MIN_DEPTH d	MAX_DEPTH d
1476	22	1475.84000000	1495.84000000
