ID s	D1.DIPDIR d	D1.DIP d	D2.DIPDIR d	D2.DIP d	T1.X d	T1.Y d	T1.Z d	T2.X d	T2.Y d	T2.Z d	ANG d
W_TST_0486	46.37741522	81.60640799	46.37741522	76.77581831	0.10566941	0.10070707	-0.98928866	0.16560062	0.15782386	-0.97348244	4.83058968
W_TST_0485	46.37741522	81.60640799	46.37741522	87.30285933	0.10566941	0.10070707	-0.98928866	0.03406427	0.03246458	-0.99889222	5.69645134
W_TST_0484	46.37741522	81.60640799	46.37741522	81.15623767	0.10566941	0.10070707	-0.98928866	0.11129281	0.10606640	-0.98811124	0.45017032
