ID s	D1.DIPDIR d	D1.DIP d	D2.DIPDIR d	D2.DIP d	T1.X d	T1.Y d	T1.Z d	T2.X d	T2.Y d	T2.Z d	ANG d	MSFT d
W_TST_0569	237.82329051	56.16168077	237.82329051	75.93490046	-0.47132430	-0.29654125	-0.83061223	-0.20569803	-0.12941822	-0.97002023	19.77321969	390.98021686
W_TST_0570	237.82329051	56.16168077	237.82329051	84.89721413	-0.47132430	-0.29654125	-0.83061223	-0.07528199	-0.04736487	-0.99603674	28.73553336	825.73087748
W_TST_0571	237.82329051	56.16168077	237.82329051	30.98368483	-0.47132430	-0.29654125	-0.83061223	-0.72563883	-0.45654732	-0.51479397	25.17799594	633.93147937
W_TST_0572	237.82329051	56.16168077	237.82329051	81.37289023	-0.47132430	-0.29654125	-0.83061223	-0.12696413	-0.07988152	-0.98868552	25.21120946	635.60508245
W_TST_0573	237.82329051	56.16168077	237.82329051	58.89883683	-0.47132430	-0.29654125	-0.83061223	-0.43721354	-0.27507992	-0.85625660	2.73715606	7.49202330
W_TST_0574	237.82329051	56.16168077	237.82329051	66.25841369	-0.47132430	-0.29654125	-0.83061223	-0.34077494	-0.21440402	-0.91537061	10.09673292	101.94401575
W_TST_0575	237.82329051	56.16168077	237.82329051	82.86842250	-0.47132430	-0.29654125	-0.83061223	-0.10508038	-0.06611301	-0.99226367	26.70674174	713.25005414
