RUN i	SIZE i	MIN_DEPTH d	MAX_DEPTH d
1464	18	1463.84000000	1483.84000000
