RUN i	SIZE i	MIN_DEPTH d	MAX_DEPTH d
1551	23	1550.84000000	1570.84000000
