RUN i	SIZE i	MIN_DEPTH d	MAX_DEPTH d
1384	24	1383.84000000	1403.84000000
