RUN i	SIZE i	MIN_DEPTH d	MAX_DEPTH d
1666	4	1665.85000000	1685.85000000
