RUN i	SIZE i	MIN_DEPTH d	MAX_DEPTH d
1431	53	1430.85000000	1450.85000000
