RUN i	SIZE i	MIN_DEPTH d	MAX_DEPTH d
1480	19	1479.84000000	1499.84000000
