RUN i	SIZE i	MIN_DEPTH d	MAX_DEPTH d
1584	42	1583.85000000	1603.85000000
