RUN i	SIZE i	MIN_DEPTH d	MAX_DEPTH d
1739	10	1738.85000000	1758.85000000
