ID s	D1.DIPDIR d	D1.DIP d	D2.DIPDIR d	D2.DIP d	T1.X d	T1.Y d	T1.Z d	T2.X d	T2.Y d	T2.Z d	ANG d	MSFT d
W_TST_0575	214.75980402	53.38087342	214.75980402	82.86842250	-0.34008285	-0.49004833	-0.80261840	-0.07078162	-0.10199401	-0.99226367	29.48754909	869.51555104
W_TST_0576	214.75980402	53.38087342	214.75980402	80.38320865	-0.34008285	-0.49004833	-0.80261840	-0.09524583	-0.13724615	-0.98594712	27.00233523	729.12610778
W_TST_0577	214.75980402	53.38087342	214.75980402	60.51222958	-0.34008285	-0.49004833	-0.80261840	-0.28064314	-0.40439764	-0.87046078	7.13135616	50.85624073
W_TST_0578	214.75980402	53.38087342	214.75980402	45.70022115	-0.34008285	-0.49004833	-0.80261840	-0.39819106	-0.57378038	-0.71569543	7.68065227	58.99241930
W_TST_0579	214.75980402	53.38087342	214.75980402	74.61566081	-0.34008285	-0.49004833	-0.80261840	-0.15125321	-0.21795097	-0.96416795	21.23478739	450.91619556
