RUN i	SIZE i	MIN_DEPTH d	MAX_DEPTH d
1435	44	1434.85000000	1454.85000000
