RUN i	SIZE i	MIN_DEPTH d	MAX_DEPTH d
1534	24	1533.85000000	1553.85000000
