RUN i	SIZE i	MIN_DEPTH d	MAX_DEPTH d
1616	25	1615.84000000	1635.84000000
