RUN i	SIZE i	MIN_DEPTH d	MAX_DEPTH d
1646	26	1645.84000000	1665.84000000
