RUN i	SIZE i	MIN_DEPTH d	MAX_DEPTH d
1467	27	1466.85000000	1486.85000000
