RUN i	SIZE i	MIN_DEPTH d	MAX_DEPTH d
1602	46	1601.85000000	1621.85000000
