RUN i	SIZE i	MIN_DEPTH d	MAX_DEPTH d
1380	18	1379.84000000	1399.84000000
