RUN i	SIZE i	MIN_DEPTH d	MAX_DEPTH d
1600	20	1599.84000000	1619.84000000
