RUN i	SIZE i	MIN_DEPTH d	MAX_DEPTH d
1410	28	1409.85000000	1429.85000000
