D1.DIPDIR d	D1.DIP d	D2.DIPDIR d	D2.DIP d	T1.X d	T1.Y d	T1.Z d	T2.X d	T2.Y d	T2.Z d	ANG d
134.20186472	0.00000000	157.45388768	0.00000000	0.71688792	-0.69718843	0.00000000	0.38342686	-0.92357125	0.00000000	23.25202296
134.20186472	0.00000000	44.71690864	0.00000000	0.71688792	-0.69718843	0.00000000	0.70360444	0.71059186	0.00000000	89.48495608
134.20186472	0.00000000	120.45012697	0.00000000	0.71688792	-0.69718843	0.00000000	0.86207062	-0.50678817	0.00000000	13.75173775
134.20186472	0.00000000	213.08618114	0.00000000	0.71688792	-0.69718843	0.00000000	-0.54589990	-0.83785040	0.00000000	78.88431642
134.20186472	0.00000000	221.90076312	0.00000000	0.71688792	-0.69718843	0.00000000	-0.66784247	-0.74430265	0.00000000	87.69889840
134.20186472	0.00000000	125.59483738	0.00000000	0.71688792	-0.69718843	0.00000000	0.81315321	-0.58204970	0.00000000	8.60702734
134.20186472	0.00000000	118.17830988	0.00000000	0.71688792	-0.69718843	0.00000000	0.88148228	-0.47221710	0.00000000	16.02355484
134.20186472	0.00000000	183.50845562	0.00000000	0.71688792	-0.69718843	0.00000000	-0.06119584	-0.99812578	0.00000000	49.30659090
134.20186472	0.00000000	70.37211155	0.00000000	0.71688792	-0.69718843	0.00000000	0.94189406	0.33591007	0.00000000	63.82975317
