RUN i	SIZE i	MIN_DEPTH d	MAX_DEPTH d
1652	26	1651.84000000	1671.84000000
