RUN i	SIZE i	MIN_DEPTH d	MAX_DEPTH d
1682	9	1681.85000000	1701.85000000
