RUN i	SIZE i	MIN_DEPTH d	MAX_DEPTH d
1755	26	1754.84000000	1774.84000000
