RUN i	SIZE i	MIN_DEPTH d	MAX_DEPTH d
1729	13	1728.85000000	1748.85000000
