RUN i	SIZE i	MIN_DEPTH d	MAX_DEPTH d
1785	11	1784.85000000	1804.85000000
