RUN i	SIZE i	MIN_DEPTH d	MAX_DEPTH d
1699	16	1698.84000000	1718.84000000
