RUN i	SIZE i	MIN_DEPTH d	MAX_DEPTH d
1759	21	1758.85000000	1778.85000000
