D1.DIPDIR d	D1.DIP d	D2.DIPDIR d	D2.DIP d	T1.X d	T1.Y d	T1.Z d	T2.X d	T2.Y d	T2.Z d	ANG d
220.32964977	40.02560146	220.32964977	85.91367958	-0.49558605	-0.58376235	-0.64312984	-0.04611790	-0.05432335	-0.99745782	45.88807812
220.32964977	40.02560146	220.32964977	72.87522179	-0.49558605	-0.58376235	-0.64312984	-0.19056579	-0.22447188	-0.95566576	32.84962033
220.32964977	40.02560146	220.32964977	77.00272283	-0.49558605	-0.58376235	-0.64312984	-0.14555484	-0.17145243	-0.97438075	36.97712136
220.32964977	40.02560146	220.32964977	53.18764015	-0.49558605	-0.58376235	-0.64312984	-0.38779049	-0.45678744	-0.80060213	13.16203868
220.32964977	40.02560146	220.32964977	74.61566081	-0.49558605	-0.58376235	-0.64312984	-0.17169322	-0.20224143	-0.96416795	34.59005935
220.32964977	40.02560146	220.32964977	45.70022115	-0.49558605	-0.58376235	-0.64312984	-0.45200166	-0.53242328	-0.71569543	5.67461969
