RUN i	SIZE i	MIN_DEPTH d	MAX_DEPTH d
1371	23	1370.84000000	1390.84000000
