ID s	D1.DIPDIR d	D1.DIP d	D2.DIPDIR d	D2.DIP d	T1.X d	T1.Y d	T1.Z d	T2.X d	T2.Y d	T2.Z d	ANG d	MSFT d
W_TST_0577	155.76876759	0.00000000	120.45012697	0.00000000	0.41042018	-0.91189653	0.00000000	0.86207062	-0.50678817	0.00000000	35.31864063	1247.40637571
W_TST_0578	155.76876759	0.00000000	44.71690864	0.00000000	0.41042018	-0.91189653	0.00000000	0.70360444	0.71059186	0.00000000	111.05185895	12332.51537660
W_TST_0579	155.76876759	0.00000000	157.45388768	0.00000000	0.41042018	-0.91189653	0.00000000	0.38342686	-0.92357125	0.00000000	1.68512009	2.83962970
W_TST_0580	155.76876759	0.00000000	220.21151905	0.00000000	0.41042018	-0.91189653	0.00000000	-0.64561123	-0.76366625	0.00000000	64.44275146	4152.86821521
