RUN i	SIZE i	MIN_DEPTH d	MAX_DEPTH d
1435	25	1434.84000000	1454.84000000
