RUN i	SIZE i	MIN_DEPTH d	MAX_DEPTH d
1696	5	1695.85000000	1715.85000000
