RUN i	SIZE i	MIN_DEPTH d	MAX_DEPTH d
1648	17	1647.85000000	1667.85000000
