RUN i	SIZE i	MIN_DEPTH d	MAX_DEPTH d
1720	20	1719.84000000	1739.84000000
