RUN i	SIZE i	MIN_DEPTH d	MAX_DEPTH d
1558	17	1557.84000000	1577.84000000
