RUN i	SIZE i	MIN_DEPTH d	MAX_DEPTH d
1740	10	1739.85000000	1759.85000000
