RUN i	SIZE i	MIN_DEPTH d	MAX_DEPTH d
1692	14	1691.84000000	1711.84000000
