RUN i	SIZE i	MIN_DEPTH d	MAX_DEPTH d
1592	16	1591.84000000	1611.84000000
