RUN i	SIZE i	MIN_DEPTH d	MAX_DEPTH d
1488	21	1487.84000000	1507.84000000
