RUN i	SIZE i	MIN_DEPTH d	MAX_DEPTH d
1754	26	1753.84000000	1773.84000000
