RUN i	SIZE i	MIN_DEPTH d	MAX_DEPTH d
1741	10	1740.85000000	1760.85000000
