RUN i	SIZE i	MIN_DEPTH d	MAX_DEPTH d
1790	4	1789.85000000	1809.85000000
