RUN i	SIZE i	MIN_DEPTH d	MAX_DEPTH d
1787	8	1786.85000000	1806.85000000
