RUN i	SIZE i	MIN_DEPTH d	MAX_DEPTH d
1514	31	1513.85000000	1533.85000000
