RUN i	SIZE i	MIN_DEPTH d	MAX_DEPTH d
1376	20	1375.84000000	1395.84000000
