RUN i	SIZE i	MIN_DEPTH d	MAX_DEPTH d
1482	20	1481.84000000	1501.84000000
