RUN i	SIZE i	MIN_DEPTH d	MAX_DEPTH d
1392	37	1391.85000000	1411.85000000
