RUN i	SIZE i	MIN_DEPTH d	MAX_DEPTH d
1638	14	1637.85000000	1657.85000000
