RUN i	SIZE i	MIN_DEPTH d	MAX_DEPTH d
1718	11	1717.85000000	1737.85000000
