RUN i	SIZE i	MIN_DEPTH d	MAX_DEPTH d
1685	8	1684.85000000	1704.85000000
