ID s	D1.DIPDIR d	D1.DIP d	D2.DIPDIR d	D2.DIP d	T1.X d	T1.Y d	T1.Z d	T2.X d	T2.Y d	T2.Z d	ANG d
W_TST_0579	212.41485891	61.95006695	212.41485891	63.97987187	-0.25207062	-0.39697214	-0.88253811	-0.23515623	-0.37033460	-0.89863999	2.02980491
W_TST_0578	212.41485891	61.95006695	212.41485891	35.39207007	-0.25207062	-0.39697214	-0.88253811	-0.43698876	-0.68818954	-0.57916835	26.55799689
W_TST_0577	212.41485891	61.95006695	212.41485891	52.44236768	-0.25207062	-0.39697214	-0.88253811	-0.32675158	-0.51458308	-0.79274060	9.50769928
W_TST_0576	212.41485891	61.95006695	212.41485891	88.89558903	-0.25207062	-0.39697214	-0.88253811	-0.01033197	-0.01627125	-0.99981423	26.94552208
W_TST_0575	212.41485891	61.95006695	212.41485891	72.25850943	-0.25207062	-0.39697214	-0.88253811	-0.16334539	-0.25724366	-0.95244107	10.30844248
W_TST_0574	212.41485891	61.95006695	212.41485891	55.54000711	-0.25207062	-0.39697214	-0.88253811	-0.30331111	-0.47766797	-0.82452148	6.41005985
W_TST_0573	212.41485891	61.95006695	212.41485891	50.87381169	-0.25207062	-0.39697214	-0.88253811	-0.33826119	-0.53270893	-0.77575806	11.07625526
W_TST_0572	212.41485891	61.95006695	212.41485891	88.52462096	-0.25207062	-0.39697214	-0.88253811	-0.01380177	-0.02173565	-0.99966848	26.57455400
