RUN i	SIZE i	MIN_DEPTH d	MAX_DEPTH d
1756	20	1755.85000000	1775.85000000
