RUN i	SIZE i	MIN_DEPTH d	MAX_DEPTH d
1791	19	1790.84000000	1810.84000000
