RUN i	SIZE i	MIN_DEPTH d	MAX_DEPTH d
1527	20	1526.85000000	1546.85000000
