RUN i	SIZE i	MIN_DEPTH d	MAX_DEPTH d
1379	17	1378.84000000	1398.84000000
