RUN i	SIZE i	MIN_DEPTH d	MAX_DEPTH d
1684	20	1683.84000000	1703.84000000
