ID s	D1.DIPDIR d	D1.DIP d	D2.DIPDIR d	D2.DIP d	T1.X d	T1.Y d	T1.Z d	T2.X d	T2.Y d	T2.Z d	ANG d	MSFT d
W_TST_0569	224.55029141	54.90964614	224.55029141	65.37298434	-0.40328970	-0.40967067	-0.81824651	-0.29233629	-0.29696173	-0.90903973	10.46333821	109.48144645
W_TST_0570	224.55029141	54.90964614	224.55029141	81.14585520	-0.40328970	-0.40967067	-0.81824651	-0.10798003	-0.10968852	-0.98808337	26.23620906	688.33866600
W_TST_0571	224.55029141	54.90964614	224.55029141	20.73423807	-0.40328970	-0.40967067	-0.81824651	-0.65609848	-0.66647947	-0.35403377	34.17540806	1167.95851625
W_TST_0572	224.55029141	54.90964614	224.55029141	88.52462096	-0.40328970	-0.40967067	-0.81824651	-0.01806269	-0.01834848	-0.99966848	33.61497482	1129.96653234
W_TST_0573	224.55029141	54.90964614	224.55029141	50.87381169	-0.40328970	-0.40967067	-0.81824651	-0.44268998	-0.44969435	-0.77575806	4.03583445	16.28795968
W_TST_0574	224.55029141	54.90964614	224.55029141	55.54000711	-0.40328970	-0.40967067	-0.81824651	-0.39695003	-0.40323070	-0.82452148	0.63036097	0.39735496
