RUN i	SIZE i	MIN_DEPTH d	MAX_DEPTH d
1574	15	1573.84000000	1593.84000000
