RUN i	SIZE i	MIN_DEPTH d	MAX_DEPTH d
1591	54	1590.85000000	1610.85000000
