RUN i	SIZE i	MIN_DEPTH d	MAX_DEPTH d
1689	17	1688.84000000	1708.84000000
