RUN i	SIZE i	MIN_DEPTH d	MAX_DEPTH d
1462	18	1461.84000000	1481.84000000
