RUN i	SIZE i	MIN_DEPTH d	MAX_DEPTH d
1660	23	1659.84000000	1679.84000000
