RUN i	SIZE i	MIN_DEPTH d	MAX_DEPTH d
1651	17	1650.85000000	1670.85000000
