RUN i	SIZE i	MIN_DEPTH d	MAX_DEPTH d
1750	15	1749.85000000	1769.85000000
