RUN i	SIZE i	MIN_DEPTH d	MAX_DEPTH d
1596	69	1595.85000000	1615.85000000
