RUN i	SIZE i	MIN_DEPTH d	MAX_DEPTH d
1525	23	1524.85000000	1544.85000000
