ID s	D1.DIPDIR d	D1.DIP d	D2.DIPDIR d	D2.DIP d	T1.X d	T1.Y d	T1.Z d	T2.X d	T2.Y d	T2.Z d	ANG d	MSFT d
W_TST_0487	40.46738351	0.00000000	36.63289242	0.00000000	0.64901507	0.76077555	0.00000000	0.59668566	0.80247506	0.00000000	3.83449109	14.70332194
W_TST_0488	40.46738351	0.00000000	240.83958953	0.00000000	0.64901507	0.76077555	0.00000000	-0.87325896	-0.48725638	0.00000000	159.62779399	25481.03261509
W_TST_0489	40.46738351	0.00000000	38.74754569	0.00000000	0.64901507	0.76077555	0.00000000	0.62589006	0.77991129	0.00000000	1.71983783	2.95784215
W_TST_0490	40.46738351	0.00000000	61.87330925	0.00000000	0.64901507	0.76077555	0.00000000	0.88190735	0.47142276	0.00000000	21.40592574	458.21365670
