D1.DIPDIR d	D1.DIP d	D2.DIPDIR d	D2.DIP d	T1.X d	T1.Y d	T1.Z d	T2.X d	T2.Y d	T2.Z d	ANG d
332.77287427	0.00000000	321.04000000	0.00000000	-0.45751896	0.88919987	0.00000000	-0.62877769	0.77758512	0.00000000	11.73287427
332.77287427	0.00000000	41.75000000	0.00000000	-0.45751896	0.88919987	0.00000000	0.66588167	0.74605738	0.00000000	68.97712574
332.77287427	0.00000000	6.62000000	0.00000000	-0.45751896	0.88919987	0.00000000	0.11528390	0.99333258	0.00000000	33.84712574
332.77287427	0.00000000	284.17000000	0.00000000	-0.45751896	0.88919987	0.00000000	-0.96957366	0.24479975	0.00000000	48.60287427
