D1.DIPDIR d	D1.DIP d	D2.DIPDIR d	D2.DIP d	T1.X d	T1.Y d	T1.Z d	T2.X d	T2.Y d	T2.Z d	ANG d
138.16913342	0.00000000	157.45388768	0.00000000	0.66693398	-0.74511681	0.00000000	0.38342686	-0.92357125	0.00000000	19.28475426
138.16913342	0.00000000	44.71690864	0.00000000	0.66693398	-0.74511681	0.00000000	0.70360444	0.71059186	0.00000000	93.45222478
138.16913342	0.00000000	120.45012697	0.00000000	0.66693398	-0.74511681	0.00000000	0.86207062	-0.50678817	0.00000000	17.71900645
138.16913342	0.00000000	213.08618114	0.00000000	0.66693398	-0.74511681	0.00000000	-0.54589990	-0.83785040	0.00000000	74.91704772
