RUN i	SIZE i	MIN_DEPTH d	MAX_DEPTH d
1680	20	1679.84000000	1699.84000000
