RUN i	SIZE i	MIN_DEPTH d	MAX_DEPTH d
1578	22	1577.85000000	1597.85000000
