RUN i	SIZE i	MIN_DEPTH d	MAX_DEPTH d
1605	47	1604.85000000	1624.85000000
