RUN i	SIZE i	MIN_DEPTH d	MAX_DEPTH d
1574	22	1573.85000000	1593.85000000
