D1.DIPDIR d	D1.DIP d	D2.DIPDIR d	D2.DIP d	T1.X d	T1.Y d	T1.Z d	T2.X d	T2.Y d	T2.Z d	ANG d
150.55422962	14.41277338	150.55422962	17.58811318	0.47612779	-0.84341462	-0.24890581	0.46861894	-0.83011342	-0.30217213	3.17533979
150.55422962	14.41277338	150.55422962	23.47979273	0.47612779	-0.84341462	-0.24890581	0.45089544	-0.79871793	-0.39842561	9.06701934
150.55422962	14.41277338	150.55422962	45.20860357	0.47612779	-0.84341462	-0.24890581	0.34634548	-0.61351774	-0.70967654	30.79583019
150.55422962	14.41277338	150.55422962	32.15631595	0.47612779	-0.84341462	-0.24890581	0.41618780	-0.73723668	-0.53223096	17.74354256
150.55422962	14.41277338	150.55422962	14.09414521	0.47612779	-0.84341462	-0.24890581	0.47680089	-0.84460696	-0.24351590	0.31862817
