RUN i	SIZE i	MIN_DEPTH d	MAX_DEPTH d
1769	39	1768.85000000	1788.85000000
