RUN i	SIZE i	MIN_DEPTH d	MAX_DEPTH d
1712	25	1711.84000000	1731.84000000
