RUN i	SIZE i	MIN_DEPTH d	MAX_DEPTH d
1583	42	1582.85000000	1602.85000000
