RUN i	SIZE i	MIN_DEPTH d	MAX_DEPTH d
1609	35	1608.85000000	1628.85000000
