RUN i	SIZE i	MIN_DEPTH d	MAX_DEPTH d
1545	22	1544.84000000	1564.84000000
