RUN i	SIZE i	MIN_DEPTH d	MAX_DEPTH d
1488	21	1487.85000000	1507.85000000
