RUN i	SIZE i	MIN_DEPTH d	MAX_DEPTH d
1704	17	1703.84000000	1723.84000000
