D1.DIPDIR d	D1.DIP d	D2.DIPDIR d	D2.DIP d	T1.X d	T1.Y d	T1.Z d	T2.X d	T2.Y d	T2.Z d	ANG d
286.95709108	0.00000000	292.48489888	0.00000000	-0.95652345	0.29165544	0.00000000	-0.92398036	0.38243992	0.00000000	5.52780780
286.95709108	0.00000000	233.14169461	0.00000000	-0.95652345	0.29165544	0.00000000	-0.80012138	-0.59983813	0.00000000	53.81539648
286.95709108	0.00000000	276.52357796	0.00000000	-0.95652345	0.29165544	0.00000000	-0.99352519	0.11361207	0.00000000	10.43351312
286.95709108	0.00000000	71.51532887	0.00000000	-0.95652345	0.29165544	0.00000000	0.94840851	0.31705093	0.00000000	144.55823779
286.95709108	0.00000000	13.17724434	0.00000000	-0.95652345	0.29165544	0.00000000	0.22796418	0.97366952	0.00000000	86.22015326
286.95709108	0.00000000	220.18672111	0.00000000	-0.95652345	0.29165544	0.00000000	-0.64528065	-0.76394560	0.00000000	66.77036997
286.95709108	0.00000000	234.24347316	0.00000000	-0.95652345	0.29165544	0.00000000	-0.81150742	-0.58434211	0.00000000	52.71361793
286.95709108	0.00000000	28.83966763	0.00000000	-0.95652345	0.29165544	0.00000000	0.48236025	0.87597294	0.00000000	101.88257656
