RUN i	SIZE i	MIN_DEPTH d	MAX_DEPTH d
1656	15	1655.85000000	1675.85000000
