RUN i	SIZE i	MIN_DEPTH d	MAX_DEPTH d
1734	27	1733.84000000	1753.84000000
