RUN i	SIZE i	MIN_DEPTH d	MAX_DEPTH d
1667	16	1666.84000000	1686.84000000
