RUN i	SIZE i	MIN_DEPTH d	MAX_DEPTH d
1489	21	1488.84000000	1508.84000000
