RUN i	SIZE i	MIN_DEPTH d	MAX_DEPTH d
1655	15	1654.85000000	1674.85000000
