RUN i	SIZE i	MIN_DEPTH d	MAX_DEPTH d
1381	18	1380.84000000	1400.84000000
