RUN i	SIZE i	MIN_DEPTH d	MAX_DEPTH d
1781	25	1780.84000000	1800.84000000
