ID s	D1.DIPDIR d	D1.DIP d	D2.DIPDIR d	D2.DIP d	T1.X d	T1.Y d	T1.Z d	T2.X d	T2.Y d	T2.Z d	ANG d	MSFT d
W_TST_0561	181.82062033	2.16638244	181.82062033	4.66000000	-0.03174776	-0.99878082	-0.03780150	-0.03166545	-0.99619121	-0.08124270	2.49361756	6.21812853
W_TST_0562	181.82062033	2.16638244	181.82062033	4.66000000	-0.03174776	-0.99878082	-0.03780150	-0.03166545	-0.99619121	-0.08124270	2.49361756	6.21812853
W_TST_0563	181.82062033	2.16638244	181.82062033	43.73000000	-0.03174776	-0.99878082	-0.03780150	-0.02295751	-0.72224052	-0.69126086	41.56361756	1727.53430465
W_TST_0564	181.82062033	2.16638244	181.82062033	15.60000000	-0.03174776	-0.99878082	-0.03780150	-0.03060013	-0.96267635	-0.26891982	13.43361756	180.46208074
W_TST_0565	181.82062033	2.16638244	181.82062033	17.45000000	-0.03174776	-0.99878082	-0.03780150	-0.03030836	-0.95349743	-0.29987341	15.28361756	233.58896571
W_TST_0566	181.82062033	2.16638244	181.82062033	49.24000000	-0.03174776	-0.99878082	-0.03780150	-0.02074269	-0.65256238	-0.75745104	47.07361756	2215.92547016
W_TST_0567	181.82062033	2.16638244	181.82062033	24.00000000	-0.03174776	-0.99878082	-0.03780150	-0.02902377	-0.91308429	-0.40673664	21.83361756	476.70685575
W_TST_0568	181.82062033	2.16638244	181.82062033	48.98000000	-0.03174776	-0.99878082	-0.03780150	-0.02085167	-0.65599111	-0.75448053	46.81361756	2191.51478903
W_TST_0569	181.82062033	2.16638244	181.82062033	3.70000000	-0.03174776	-0.99878082	-0.03780150	-0.03170425	-0.99741186	-0.06453231	1.53361756	2.35198282
