RUN i	SIZE i	MIN_DEPTH d	MAX_DEPTH d
1613	22	1612.85000000	1632.85000000
