D1.DIPDIR d	D1.DIP d	D2.DIPDIR d	D2.DIP d	T1.X d	T1.Y d	T1.Z d	T2.X d	T2.Y d	T2.Z d	ANG d
33.62144292	2.74804011	33.62144292	11.32441465	0.55306649	0.83175648	-0.04794396	0.54292322	0.81650203	-0.19636398	8.57637455
33.62144292	2.74804011	33.62144292	45.37648583	0.55306649	0.83175648	-0.04794396	0.38894618	0.58493601	-0.71173782	42.62844572
33.62144292	2.74804011	33.62144292	41.98987643	0.55306649	0.83175648	-0.04794396	0.41154715	0.61892560	-0.66899929	39.24183633
33.62144292	2.74804011	33.62144292	41.87992041	0.55306649	0.83175648	-0.04794396	0.41225727	0.61999356	-0.66757167	39.13188031
33.62144292	2.74804011	33.62144292	58.76994453	0.55306649	0.83175648	-0.04794396	0.28708163	0.43174196	-0.85509240	56.02190442
33.62144292	2.74804011	33.62144292	7.02454167	0.55306649	0.83175648	-0.04794396	0.54954706	0.82646361	-0.12229447	4.27650157
33.62144292	2.74804011	33.62144292	40.79049535	0.55306649	0.83175648	-0.04794396	0.41921062	0.63045069	-0.65329502	38.04245524
33.62144292	2.74804011	33.62144292	30.62708232	0.55306649	0.83175648	-0.04794396	0.47646236	0.71655156	-0.50944821	27.87904221
