RUN i	SIZE i	MIN_DEPTH d	MAX_DEPTH d
1612	25	1611.84000000	1631.84000000
