RUN i	SIZE i	MIN_DEPTH d	MAX_DEPTH d
1648	27	1647.84000000	1667.84000000
