RUN i	SIZE i	MIN_DEPTH d	MAX_DEPTH d
1776	27	1775.84000000	1795.84000000
