RUN i	SIZE i	MIN_DEPTH d	MAX_DEPTH d
1790	21	1789.84000000	1809.84000000
