RUN i	SIZE i	MIN_DEPTH d	MAX_DEPTH d
1558	52	1557.85000000	1577.85000000
