RUN i	SIZE i	MIN_DEPTH d	MAX_DEPTH d
1756	27	1755.84000000	1775.84000000
