RUN i	SIZE i	MIN_DEPTH d	MAX_DEPTH d
1412	17	1411.84000000	1431.84000000
