RUN i	SIZE i	MIN_DEPTH d	MAX_DEPTH d
1607	42	1606.85000000	1626.85000000
