RUN i	SIZE i	MIN_DEPTH d	MAX_DEPTH d
1625	26	1624.84000000	1644.84000000
