RUN i	SIZE i	MIN_DEPTH d	MAX_DEPTH d
1745	14	1744.85000000	1764.85000000
