RUN i	SIZE i	MIN_DEPTH d	MAX_DEPTH d
1464	38	1463.85000000	1483.85000000
