RUN i	SIZE i	MIN_DEPTH d	MAX_DEPTH d
1589	59	1588.85000000	1608.85000000
