RUN i	SIZE i	MIN_DEPTH d	MAX_DEPTH d
1542	20	1541.84000000	1561.84000000
