ID s	D1.DIPDIR d	D1.DIP d	D2.DIPDIR d	D2.DIP d	T1.X d	T1.Y d	T1.Z d	T2.X d	T2.Y d	T2.Z d	ANG d
W_TST_0576	224.20866079	61.87247618	224.20866079	88.89558903	-0.32871952	-0.33792749	-0.88190050	-0.01343954	-0.01381600	-0.99981423	27.02311285
W_TST_0575	224.20866079	61.87247618	224.20866079	72.25850943	-0.32871952	-0.33792749	-0.88190050	-0.21247516	-0.21842693	-0.95244107	10.38603325
W_TST_0574	224.20866079	61.87247618	224.20866079	55.54000711	-0.32871952	-0.33792749	-0.88190050	-0.39453870	-0.40559036	-0.82452148	6.33246907
W_TST_0573	224.20866079	61.87247618	224.20866079	50.87381169	-0.32871952	-0.33792749	-0.88190050	-0.44000079	-0.45232592	-0.77575806	10.99866449
W_TST_0572	224.20866079	61.87247618	224.20866079	88.52462096	-0.32871952	-0.33792749	-0.88190050	-0.01795296	-0.01845585	-0.99966848	26.65214478
W_TST_0571	224.20866079	61.87247618	224.20866079	20.73423807	-0.32871952	-0.33792749	-0.88190050	-0.65211290	-0.67037963	-0.35403377	41.13823811
W_TST_0570	224.20866079	61.87247618	224.20866079	81.14585520	-0.32871952	-0.33792749	-0.88190050	-0.10732409	-0.11033041	-0.98808337	19.27337902
