RUN i	SIZE i	MIN_DEPTH d	MAX_DEPTH d
1461	42	1460.85000000	1480.85000000
