RUN i	SIZE i	MIN_DEPTH d	MAX_DEPTH d
1641	15	1640.85000000	1660.85000000
