D1.DIPDIR d	D1.DIP d	D2.DIPDIR d	D2.DIP d	T1.X d	T1.Y d	T1.Z d	T2.X d	T2.Y d	T2.Z d	ANG d
224.55029141	0.00000000	221.99311316	0.00000000	-0.70153505	-0.71263495	0.00000000	-0.66904128	-0.74322525	0.00000000	2.55717825
224.55029141	0.00000000	179.32358131	0.00000000	-0.70153505	-0.71263495	0.00000000	0.01180546	-0.99993031	0.00000000	45.22671010
224.55029141	0.00000000	204.01545681	0.00000000	-0.70153505	-0.71263495	0.00000000	-0.40698308	-0.91343570	0.00000000	20.53483460
224.55029141	0.00000000	202.77268573	0.00000000	-0.70153505	-0.71263495	0.00000000	-0.38707607	-0.92204778	0.00000000	21.77760568
224.55029141	0.00000000	293.71840928	0.00000000	-0.70153505	-0.71263495	0.00000000	-0.91553340	0.40224196	0.00000000	69.16811787
224.55029141	0.00000000	233.79353588	0.00000000	-0.70153505	-0.71263495	0.00000000	-0.80689367	-0.59069671	0.00000000	9.24324447
