RUN i	SIZE i	MIN_DEPTH d	MAX_DEPTH d
1432	51	1431.85000000	1451.85000000
