D1.DIPDIR d	D1.DIP d	D2.DIPDIR d	D2.DIP d	T1.X d	T1.Y d	T1.Z d	T2.X d	T2.Y d	T2.Z d	ANG d
167.26974679	9.03190215	167.26974679	32.15631595	0.21762903	-0.96332420	-0.15698438	0.18655768	-0.82578838	-0.53223096	23.12441380
167.26974679	9.03190215	167.26974679	14.09414521	0.21762903	-0.96332420	-0.15698438	0.21372772	-0.94605521	-0.24351590	5.06224306
167.26974679	9.03190215	167.26974679	11.32441465	0.21762903	-0.96332420	-0.15698438	0.21607108	-0.95642798	-0.19636398	2.29251250
167.26974679	9.03190215	167.26974679	45.37648583	0.21762903	-0.96332420	-0.15698438	0.15479172	-0.68517793	-0.71173782	36.34458368
167.26974679	9.03190215	167.26974679	41.98987643	0.21762903	-0.96332420	-0.15698438	0.16378639	-0.72499239	-0.66899929	32.95797428
167.26974679	9.03190215	167.26974679	41.87992041	0.21762903	-0.96332420	-0.15698438	0.16406900	-0.72624337	-0.66757167	32.84801826
167.26974679	9.03190215	167.26974679	58.76994453	0.21762903	-0.96332420	-0.15698438	0.11425195	-0.50573063	-0.85509240	49.73804238
167.26974679	9.03190215	167.26974679	7.02454167	0.21762903	-0.96332420	-0.15698438	0.21870721	-0.96809670	-0.12229447	2.00736048
