D1.DIPDIR d	D1.DIP d	D2.DIPDIR d	D2.DIP d	T1.X d	T1.Y d	T1.Z d	T2.X d	T2.Y d	T2.Z d	ANG d
203.12591305	41.40092295	203.12591305	74.61566081	-0.29460425	-0.68982532	-0.66132395	-0.10419448	-0.24397473	-0.96416795	33.21473786
203.12591305	41.40092295	203.12591305	45.70022115	-0.29460425	-0.68982532	-0.66132395	-0.27430367	-0.64229086	-0.71569543	4.29929820
203.12591305	41.40092295	203.12591305	60.51222958	-0.29460425	-0.68982532	-0.66132395	-0.19332790	-0.45268350	-0.87046078	19.11130663
203.12591305	41.40092295	203.12591305	80.38320865	-0.29460425	-0.68982532	-0.66132395	-0.06561243	-0.15363360	-0.98594712	38.98228569
