RUN i	SIZE i	MIN_DEPTH d	MAX_DEPTH d
1566	34	1565.85000000	1585.85000000
