RUN i	SIZE i	MIN_DEPTH d	MAX_DEPTH d
1521	28	1520.85000000	1540.85000000
