RUN i	SIZE i	MIN_DEPTH d	MAX_DEPTH d
1541	21	1540.85000000	1560.85000000
