RUN i	SIZE i	MIN_DEPTH d	MAX_DEPTH d
1465	17	1464.84000000	1484.84000000
