RUN i	SIZE i	MIN_DEPTH d	MAX_DEPTH d
1709	21	1708.84000000	1728.84000000
