RUN i	SIZE i	MIN_DEPTH d	MAX_DEPTH d
1706	18	1705.84000000	1725.84000000
