RUN i	SIZE i	MIN_DEPTH d	MAX_DEPTH d
1661	23	1660.84000000	1680.84000000
