RUN i	SIZE i	MIN_DEPTH d	MAX_DEPTH d
1548	42	1547.85000000	1567.85000000
