ID s	D1.DIPDIR d	D1.DIP d	D2.DIPDIR d	D2.DIP d	T1.X d	T1.Y d	T1.Z d	T2.X d	T2.Y d	T2.Z d	ANG d
W_TST_0574	119.19217783	0.00000000	125.59483738	0.00000000	0.87298867	-0.48774048	0.00000000	0.81315321	-0.58204970	0.00000000	6.40265954
W_TST_0573	119.19217783	0.00000000	118.17830988	0.00000000	0.87298867	-0.48774048	0.00000000	0.88148228	-0.47221710	0.00000000	1.01386796
W_TST_0572	119.19217783	0.00000000	183.50845562	0.00000000	0.87298867	-0.48774048	0.00000000	-0.06119584	-0.99812578	0.00000000	64.31627779
W_TST_0571	119.19217783	0.00000000	70.37211155	0.00000000	0.87298867	-0.48774048	0.00000000	0.94189406	0.33591007	0.00000000	48.82006628
W_TST_0570	119.19217783	0.00000000	314.63826170	0.00000000	0.87298867	-0.48774048	0.00000000	-0.71155699	0.70262838	0.00000000	164.55391615
W_TST_0569	119.19217783	0.00000000	224.46236841	0.00000000	0.87298867	-0.48774048	0.00000000	-0.70044065	-0.71371065	0.00000000	105.27019057
