D1.DIPDIR d	D1.DIP d	D2.DIPDIR d	D2.DIP d	T1.X d	T1.Y d	T1.Z d	T2.X d	T2.Y d	T2.Z d	ANG d
200.98835828	27.71916918	200.98835828	63.90519744	-0.31707302	-0.82650536	-0.46513824	-0.15754746	-0.41067456	-0.89806748	36.18602825
200.98835828	27.71916918	200.98835828	63.97987187	-0.31707302	-0.82650536	-0.46513824	-0.15712810	-0.40958141	-0.89863999	36.26070268
200.98835828	27.71916918	200.98835828	35.39207007	-0.31707302	-0.82650536	-0.46513824	-0.29198976	-0.76112154	-0.57916835	7.67290089
200.98835828	27.71916918	200.98835828	52.44236768	-0.31707302	-0.82650536	-0.46513824	-0.21833082	-0.56911685	-0.79274060	24.72319849
