D1.DIPDIR d	D1.DIP d	D2.DIPDIR d	D2.DIP d	T1.X d	T1.Y d	T1.Z d	T2.X d	T2.Y d	T2.Z d	ANG d
144.14211350	0.00000000	120.45012697	0.00000000	0.58577680	-0.81047242	0.00000000	0.86207062	-0.50678817	0.00000000	23.69198653
144.14211350	0.00000000	213.08618114	0.00000000	0.58577680	-0.81047242	0.00000000	-0.54589990	-0.83785040	0.00000000	68.94406764
144.14211350	0.00000000	221.90076312	0.00000000	0.58577680	-0.81047242	0.00000000	-0.66784247	-0.74430265	0.00000000	77.75864962
144.14211350	0.00000000	125.59483738	0.00000000	0.58577680	-0.81047242	0.00000000	0.81315321	-0.58204970	0.00000000	18.54727612
144.14211350	0.00000000	118.17830988	0.00000000	0.58577680	-0.81047242	0.00000000	0.88148228	-0.47221710	0.00000000	25.96380362
144.14211350	0.00000000	183.50845562	0.00000000	0.58577680	-0.81047242	0.00000000	-0.06119584	-0.99812578	0.00000000	39.36634213
144.14211350	0.00000000	70.37211155	0.00000000	0.58577680	-0.81047242	0.00000000	0.94189406	0.33591007	0.00000000	73.77000194
144.14211350	0.00000000	314.63826170	0.00000000	0.58577680	-0.81047242	0.00000000	-0.71155699	0.70262838	0.00000000	170.49614820
