RUN i	SIZE i	MIN_DEPTH d	MAX_DEPTH d
1569	10	1568.84000000	1588.84000000
