RUN i	SIZE i	MIN_DEPTH d	MAX_DEPTH d
1665	6	1664.85000000	1684.85000000
