RUN i	SIZE i	MIN_DEPTH d	MAX_DEPTH d
1646	16	1645.85000000	1665.85000000
