RUN i	SIZE i	MIN_DEPTH d	MAX_DEPTH d
1441	46	1440.85000000	1460.85000000
