RUN i	SIZE i	MIN_DEPTH d	MAX_DEPTH d
1647	16	1646.85000000	1666.85000000
