RUN i	SIZE i	MIN_DEPTH d	MAX_DEPTH d
1561	51	1560.85000000	1580.85000000
