RUN i	SIZE i	MIN_DEPTH d	MAX_DEPTH d
1657	15	1656.85000000	1676.85000000
