RUN i	SIZE i	MIN_DEPTH d	MAX_DEPTH d
1457	16	1456.84000000	1476.84000000
