RUN i	SIZE i	MIN_DEPTH d	MAX_DEPTH d
1384	40	1383.85000000	1403.85000000
