RUN i	SIZE i	MIN_DEPTH d	MAX_DEPTH d
1758	28	1757.84000000	1777.84000000
