RUN i	SIZE i	MIN_DEPTH d	MAX_DEPTH d
1409	17	1408.84000000	1428.84000000
