RUN i	SIZE i	MIN_DEPTH d	MAX_DEPTH d
1475	18	1474.85000000	1494.85000000
