RUN i	SIZE i	MIN_DEPTH d	MAX_DEPTH d
1500	25	1499.84000000	1519.84000000
