RUN i	SIZE i	MIN_DEPTH d	MAX_DEPTH d
1521	14	1520.84000000	1540.84000000
