RUN i	SIZE i	MIN_DEPTH d	MAX_DEPTH d
1395	48	1394.85000000	1414.85000000
