ID s	D1.DIPDIR d	D1.DIP d	D2.DIPDIR d	D2.DIP d	T1.X d	T1.Y d	T1.Z d	T2.X d	T2.Y d	T2.Z d	ANG d
W_TST_0577	227.65820539	37.96632105	227.65820539	60.51222958	-0.58271763	-0.53100977	-0.61519817	-0.36383261	-0.33154767	-0.87046078	22.54590854
W_TST_0576	227.65820539	37.96632105	227.65820539	80.38320865	-0.58271763	-0.53100977	-0.61519817	-0.12347902	-0.11252202	-0.98594712	42.41688760
W_TST_0575	227.65820539	37.96632105	227.65820539	82.86842250	-0.58271763	-0.53100977	-0.61519817	-0.09176302	-0.08362036	-0.99226367	44.90210146
W_TST_0574	227.65820539	37.96632105	227.65820539	66.25841369	-0.58271763	-0.53100977	-0.61519817	-0.29758682	-0.27118025	-0.91537061	28.29209265
W_TST_0573	227.65820539	37.96632105	227.65820539	58.89883683	-0.58271763	-0.53100977	-0.61519817	-0.38180328	-0.34792369	-0.85625660	20.93251578
W_TST_0572	227.65820539	37.96632105	227.65820539	81.37289023	-0.58271763	-0.53100977	-0.61519817	-0.11087333	-0.10103491	-0.98868552	43.40656918
W_TST_0571	227.65820539	37.96632105	227.65820539	30.98368483	-0.58271763	-0.53100977	-0.61519817	-0.63367499	-0.57744539	-0.51479397	6.98263621
W_TST_0570	227.65820539	37.96632105	227.65820539	84.89721413	-0.58271763	-0.53100977	-0.61519817	-0.06574112	-0.05990754	-0.99603674	46.93089308
