RUN i	SIZE i	MIN_DEPTH d	MAX_DEPTH d
1627	26	1626.84000000	1646.84000000
