RUN i	SIZE i	MIN_DEPTH d	MAX_DEPTH d
1757	20	1756.85000000	1776.85000000
