RUN i	SIZE i	MIN_DEPTH d	MAX_DEPTH d
1663	12	1662.85000000	1682.85000000
