RUN i	SIZE i	MIN_DEPTH d	MAX_DEPTH d
1531	14	1530.84000000	1550.84000000
