RUN i	SIZE i	MIN_DEPTH d	MAX_DEPTH d
1508	15	1507.84000000	1527.84000000
