RUN i	SIZE i	MIN_DEPTH d	MAX_DEPTH d
1388	16	1387.84000000	1407.84000000
