ID s	D1.DIPDIR d	D1.DIP d	D2.DIPDIR d	D2.DIP d	T1.X d	T1.Y d	T1.Z d	T2.X d	T2.Y d	T2.Z d	ANG d
W_TST_0570	277.62172448	0.00000000	292.48489888	0.00000000	-0.99116532	0.13263221	0.00000000	-0.92398036	0.38243992	0.00000000	14.86317440
W_TST_0569	277.62172448	0.00000000	233.14169461	0.00000000	-0.99116532	0.13263221	0.00000000	-0.80012138	-0.59983813	0.00000000	44.48002987
W_TST_0568	277.62172448	0.00000000	276.52357796	0.00000000	-0.99116532	0.13263221	0.00000000	-0.99352519	0.11361207	0.00000000	1.09814652
W_TST_0567	277.62172448	0.00000000	71.51532887	0.00000000	-0.99116532	0.13263221	0.00000000	0.94840851	0.31705093	0.00000000	153.89360440
