RUN i	SIZE i	MIN_DEPTH d	MAX_DEPTH d
1535	15	1534.84000000	1554.84000000
