D1.DIPDIR d	D1.DIP d	D2.DIPDIR d	D2.DIP d	T1.X d	T1.Y d	T1.Z d	T2.X d	T2.Y d	T2.Z d	ANG d
190.47107653	0.00000000	180.69289613	0.00000000	-0.18173915	-0.98334678	0.00000000	-0.01209302	-0.99992688	0.00000000	9.77818040
190.47107653	0.00000000	220.21151905	0.00000000	-0.18173915	-0.98334678	0.00000000	-0.64561123	-0.76366625	0.00000000	29.74044251
190.47107653	0.00000000	157.45388768	0.00000000	-0.18173915	-0.98334678	0.00000000	0.38342686	-0.92357125	0.00000000	33.01718886
190.47107653	0.00000000	44.71690864	0.00000000	-0.18173915	-0.98334678	0.00000000	0.70360444	0.71059186	0.00000000	145.75416789
