RUN i	SIZE i	MIN_DEPTH d	MAX_DEPTH d
1770	39	1769.85000000	1789.85000000
