RUN i	SIZE i	MIN_DEPTH d	MAX_DEPTH d
1572	15	1571.84000000	1591.84000000
