RUN i	SIZE i	MIN_DEPTH d	MAX_DEPTH d
1366	33	1365.85000000	1385.85000000
