RUN i	SIZE i	MIN_DEPTH d	MAX_DEPTH d
1642	24	1641.84000000	1661.84000000
