RUN i	SIZE i	MIN_DEPTH d	MAX_DEPTH d
1572	28	1571.85000000	1591.85000000
