RUN i	SIZE i	MIN_DEPTH d	MAX_DEPTH d
1759	28	1758.84000000	1778.84000000
