RUN i	SIZE i	MIN_DEPTH d	MAX_DEPTH d
1443	22	1442.84000000	1462.84000000
