RUN i	SIZE i	MIN_DEPTH d	MAX_DEPTH d
1672	5	1671.85000000	1691.85000000
