RUN i	SIZE i	MIN_DEPTH d	MAX_DEPTH d
1583	19	1582.84000000	1602.84000000
