RUN i	SIZE i	MIN_DEPTH d	MAX_DEPTH d
1377	18	1376.84000000	1396.84000000
