RUN i	SIZE i	MIN_DEPTH d	MAX_DEPTH d
1546	35	1545.85000000	1565.85000000
