RUN i	SIZE i	MIN_DEPTH d	MAX_DEPTH d
1627	28	1626.85000000	1646.85000000
