RUN i	SIZE i	MIN_DEPTH d	MAX_DEPTH d
1492	19	1491.84000000	1511.84000000
