RUN i	SIZE i	MIN_DEPTH d	MAX_DEPTH d
1623	25	1622.84000000	1642.84000000
