RUN i	SIZE i	MIN_DEPTH d	MAX_DEPTH d
1719	20	1718.84000000	1738.84000000
