RUN i	SIZE i	MIN_DEPTH d	MAX_DEPTH d
1679	9	1678.85000000	1698.85000000
