RUN i	SIZE i	MIN_DEPTH d	MAX_DEPTH d
1495	18	1494.84000000	1514.84000000
