RUN i	SIZE i	MIN_DEPTH d	MAX_DEPTH d
1426	27	1425.84000000	1445.84000000
