RUN i	SIZE i	MIN_DEPTH d	MAX_DEPTH d
1491	19	1490.84000000	1510.84000000
