RUN i	SIZE i	MIN_DEPTH d	MAX_DEPTH d
1560	52	1559.85000000	1579.85000000
