ID s	D1.DIPDIR d	D1.DIP d	D2.DIPDIR d	D2.DIP d	T1.X d	T1.Y d	T1.Z d	T2.X d	T2.Y d	T2.Z d	ANG d
W_TST_0579	211.92156950	0.00000000	216.49384723	0.00000000	-0.52875790	-0.84877269	0.00000000	-0.59473646	-0.80392073	0.00000000	4.57227773
W_TST_0578	211.92156950	0.00000000	237.88628537	0.00000000	-0.52875790	-0.84877269	0.00000000	-0.84699470	-0.53160134	0.00000000	25.96471588
W_TST_0577	211.92156950	0.00000000	184.56079396	0.00000000	-0.52875790	-0.84877269	0.00000000	-0.07951684	-0.99683352	0.00000000	27.36077553
W_TST_0576	211.92156950	0.00000000	44.15693778	0.00000000	-0.52875790	-0.84877269	0.00000000	0.69662609	0.71743438	0.00000000	167.76463172
W_TST_0575	211.92156950	0.00000000	231.66590176	0.00000000	-0.52875790	-0.84877269	0.00000000	-0.78440738	-0.62024596	0.00000000	19.74433226
W_TST_0574	211.92156950	0.00000000	222.14523654	0.00000000	-0.52875790	-0.84877269	0.00000000	-0.67101222	-0.74144629	0.00000000	10.22366704
W_TST_0573	211.92156950	0.00000000	184.35392736	0.00000000	-0.52875790	-0.84877269	0.00000000	-0.07591725	-0.99711412	0.00000000	27.56764214
W_TST_0572	211.92156950	0.00000000	23.78978352	0.00000000	-0.52875790	-0.84877269	0.00000000	0.40338214	0.91503161	0.00000000	171.86821403
W_TST_0571	211.92156950	0.00000000	209.42141952	0.00000000	-0.52875790	-0.84877269	0.00000000	-0.49122941	-0.87103023	0.00000000	2.50014998
