RUN i	SIZE i	MIN_DEPTH d	MAX_DEPTH d
1636	25	1635.84000000	1655.84000000
