RUN i	SIZE i	MIN_DEPTH d	MAX_DEPTH d
1568	27	1567.85000000	1587.85000000
