RUN i	SIZE i	MIN_DEPTH d	MAX_DEPTH d
1440	47	1439.85000000	1459.85000000
