RUN i	SIZE i	MIN_DEPTH d	MAX_DEPTH d
1567	28	1566.85000000	1586.85000000
