RUN i	SIZE i	MIN_DEPTH d	MAX_DEPTH d
1747	29	1746.84000000	1766.84000000
