RUN i	SIZE i	MIN_DEPTH d	MAX_DEPTH d
1697	15	1696.84000000	1716.84000000
