RUN i	SIZE i	MIN_DEPTH d	MAX_DEPTH d
1447	17	1446.84000000	1466.84000000
