RUN i	SIZE i	MIN_DEPTH d	MAX_DEPTH d
1391	38	1390.85000000	1410.85000000
