ID s	D1.DIPDIR d	D1.DIP d	D2.DIPDIR d	D2.DIP d	T1.X d	T1.Y d	T1.Z d	T2.X d	T2.Y d	T2.Z d	ANG d	MSFT d
W_TST_0578	220.32964977	0.00000000	237.88628537	0.00000000	-0.64718436	-0.76233352	0.00000000	-0.84699470	-0.53160134	0.00000000	17.55663561	308.23545390
W_TST_0579	220.32964977	0.00000000	216.49384723	0.00000000	-0.64718436	-0.76233352	0.00000000	-0.59473646	-0.80392073	0.00000000	3.83580253	14.71338107
W_TST_0580	220.32964977	0.00000000	41.80516773	0.00000000	-0.64718436	-0.76233352	0.00000000	0.66659970	0.74541588	0.00000000	178.52448203	31870.99068580
W_TST_0581	220.32964977	0.00000000	224.23234820	0.00000000	-0.64718436	-0.76233352	0.00000000	-0.69756975	-0.71651689	0.00000000	3.90269843	15.23105506
W_TST_0582	220.32964977	0.00000000	31.64499037	0.00000000	-0.64718436	-0.76233352	0.00000000	0.52465455	0.85131522	0.00000000	171.31534061	29348.94592829
W_TST_0583	220.32964977	0.00000000	200.31482759	0.00000000	-0.64718436	-0.76233352	0.00000000	-0.34717836	-0.93779912	0.00000000	20.01482218	400.59310691
