RUN i	SIZE i	MIN_DEPTH d	MAX_DEPTH d
1376	30	1375.85000000	1395.85000000
