RUN i	SIZE i	MIN_DEPTH d	MAX_DEPTH d
1468	27	1467.85000000	1487.85000000
