ID s	D1.DIPDIR d	D1.DIP d	D2.DIPDIR d	D2.DIP d	T1.X d	T1.Y d	T1.Z d	T2.X d	T2.Y d	T2.Z d	ANG d
W_TST_0577	200.54275065	36.12291607	200.54275065	60.51222958	-0.28344592	-0.75638958	-0.58951947	-0.17272927	-0.46093668	-0.87046078	24.38931352
W_TST_0576	200.54275065	36.12291607	200.54275065	80.38320865	-0.28344592	-0.75638958	-0.58951947	-0.05862158	-0.15643461	-0.98594712	44.26029258
W_TST_0575	200.54275065	36.12291607	200.54275065	82.86842250	-0.28344592	-0.75638958	-0.58951947	-0.04356443	-0.11625385	-0.99226367	46.74550644
W_TST_0574	200.54275065	36.12291607	200.54275065	66.25841369	-0.28344592	-0.75638958	-0.58951947	-0.14127913	-0.37701041	-0.91537061	30.13549763
W_TST_0573	200.54275065	36.12291607	200.54275065	58.89883683	-0.28344592	-0.75638958	-0.58951947	-0.18126083	-0.48370358	-0.85625660	22.77592076
W_TST_0572	200.54275065	36.12291607	200.54275065	81.37289023	-0.28344592	-0.75638958	-0.58951947	-0.05263704	-0.14046455	-0.98868552	45.24997416
W_TST_0571	200.54275065	36.12291607	200.54275065	30.98368483	-0.28344592	-0.75638958	-0.58951947	-0.30083675	-0.80279787	-0.51479397	5.13923123
