RUN i	SIZE i	MIN_DEPTH d	MAX_DEPTH d
1474	17	1473.85000000	1493.85000000
