ID s	D1.DIPDIR d	D1.DIP d	D2.DIPDIR d	D2.DIP d	T1.X d	T1.Y d	T1.Z d	T2.X d	T2.Y d	T2.Z d	ANG d	MSFT d
W_TST_0567	357.27790529	0.00000000	284.17000000	0.00000000	-0.04749164	0.99887164	0.00000000	-0.96957366	0.24479975	0.00000000	73.10790529	5344.76581555
W_TST_0568	357.27790529	0.00000000	6.62000000	0.00000000	-0.04749164	0.99887164	0.00000000	0.11528390	0.99333258	0.00000000	9.34209472	87.27473381
W_TST_0569	357.27790529	0.00000000	41.75000000	0.00000000	-0.04749164	0.99887164	0.00000000	0.66588167	0.74605738	0.00000000	44.47209472	1977.76720902
W_TST_0570	357.27790529	0.00000000	321.04000000	0.00000000	-0.04749164	0.99887164	0.00000000	-0.62877769	0.77758512	0.00000000	36.23790529	1313.18577964
W_TST_0571	357.27790529	0.00000000	66.14000000	0.00000000	-0.04749164	0.99887164	0.00000000	0.91453657	0.40450322	0.00000000	68.86209472	4741.98808959
