RUN i	SIZE i	MIN_DEPTH d	MAX_DEPTH d
1534	13	1533.84000000	1553.84000000
