RUN i	SIZE i	MIN_DEPTH d	MAX_DEPTH d
1599	20	1598.84000000	1618.84000000
