ID s	D1.DIPDIR d	D1.DIP d	D2.DIPDIR d	D2.DIP d	T1.X d	T1.Y d	T1.Z d	T2.X d	T2.Y d	T2.Z d	ANG d
W_TST_0570	265.16594133	0.00000000	293.71840928	0.00000000	-0.99644294	-0.08427018	0.00000000	-0.91553340	0.40224196	0.00000000	28.55246795
W_TST_0569	265.16594133	0.00000000	233.79353588	0.00000000	-0.99644294	-0.08427018	0.00000000	-0.80689367	-0.59069671	0.00000000	31.37240545
W_TST_0568	265.16594133	0.00000000	285.03459956	0.00000000	-0.99644294	-0.08427018	0.00000000	-0.96576936	0.25940230	0.00000000	19.86865822
W_TST_0567	265.16594133	0.00000000	251.54942959	0.00000000	-0.99644294	-0.08427018	0.00000000	-0.94859704	-0.31648641	0.00000000	13.61651174
