RUN i	SIZE i	MIN_DEPTH d	MAX_DEPTH d
1508	31	1507.85000000	1527.85000000
