RUN i	SIZE i	MIN_DEPTH d	MAX_DEPTH d
1457	40	1456.85000000	1476.85000000
