ID s	D1.DIPDIR d	D1.DIP d	D2.DIPDIR d	D2.DIP d	T1.X d	T1.Y d	T1.Z d	T2.X d	T2.Y d	T2.Z d	ANG d
W_TST_0546	243.64361186	19.57426271	243.64361186	51.06000000	-0.84426546	-0.41829633	-0.33502836	-0.56317296	-0.27902739	-0.77780456	31.48573729
W_TST_0545	243.64361186	19.57426271	243.64361186	8.89000000	-0.84426546	-0.41829633	-0.33502836	-0.88528556	-0.43861999	-0.15453795	10.68426271
W_TST_0544	243.64361186	19.57426271	243.64361186	6.75000000	-0.84426546	-0.41829633	-0.33502836	-0.88983894	-0.44087598	-0.11753740	12.82426271
W_TST_0543	243.64361186	19.57426271	243.64361186	6.62000000	-0.84426546	-0.41829633	-0.33502836	-0.89007561	-0.44099324	-0.11528390	12.95426271
W_TST_0542	243.64361186	19.57426271	243.64361186	55.79000000	-0.84426546	-0.41829633	-0.33502836	-0.50378412	-0.24960283	-0.82698246	36.21573729
W_TST_0541	243.64361186	19.57426271	243.64361186	60.09000000	-0.84426546	-0.41829633	-0.33502836	-0.44680548	-0.22137243	-0.86680973	40.51573729
W_TST_0540	243.64361186	19.57426271	243.64361186	51.57000000	-0.84426546	-0.41829633	-0.33502836	-0.55694704	-0.27594272	-0.78336812	31.99573729
W_TST_0539	243.64361186	19.57426271	243.64361186	13.69000000	-0.84426546	-0.41829633	-0.33502836	-0.87059356	-0.43134074	-0.23666858	5.88426271
