RUN i	SIZE i	MIN_DEPTH d	MAX_DEPTH d
1594	69	1593.85000000	1613.85000000
