RUN i	SIZE i	MIN_DEPTH d	MAX_DEPTH d
1557	53	1556.85000000	1576.85000000
