RUN i	SIZE i	MIN_DEPTH d	MAX_DEPTH d
1779	25	1778.84000000	1798.84000000
