RUN i	SIZE i	MIN_DEPTH d	MAX_DEPTH d
1719	13	1718.85000000	1738.85000000
