RUN i	SIZE i	MIN_DEPTH d	MAX_DEPTH d
1708	12	1707.85000000	1727.85000000
