RUN i	SIZE i	MIN_DEPTH d	MAX_DEPTH d
1494	24	1493.85000000	1513.85000000
