RUN i	SIZE i	MIN_DEPTH d	MAX_DEPTH d
1413	45	1412.85000000	1432.85000000
