RUN i	SIZE i	MIN_DEPTH d	MAX_DEPTH d
1373	36	1372.85000000	1392.85000000
