D1.DIPDIR d	D1.DIP d	D2.DIPDIR d	D2.DIP d	T1.X d	T1.Y d	T1.Z d	T2.X d	T2.Y d	T2.Z d	ANG d
300.47238550	0.00000000	321.04000000	0.00000000	-0.86187368	0.50712303	0.00000000	-0.62877769	0.77758512	0.00000000	20.56761450
300.47238550	0.00000000	41.75000000	0.00000000	-0.86187368	0.50712303	0.00000000	0.66588167	0.74605738	0.00000000	101.27761451
300.47238550	0.00000000	6.62000000	0.00000000	-0.86187368	0.50712303	0.00000000	0.11528390	0.99333258	0.00000000	66.14761451
300.47238550	0.00000000	284.17000000	0.00000000	-0.86187368	0.50712303	0.00000000	-0.96957366	0.24479975	0.00000000	16.30238550
300.47238550	0.00000000	179.37000000	0.00000000	-0.86187368	0.50712303	0.00000000	0.01099535	-0.99993955	0.00000000	121.10238550
300.47238550	0.00000000	99.24000000	0.00000000	-0.86187368	0.50712303	0.00000000	0.98702441	-0.16057030	0.00000000	158.76761451
300.47238550	0.00000000	46.11000000	0.00000000	-0.86187368	0.50712303	0.00000000	0.72067212	0.69327606	0.00000000	105.63761451
300.47238550	0.00000000	199.98000000	0.00000000	-0.86187368	0.50712303	0.00000000	-0.34169211	-0.93981195	0.00000000	100.49238550
