ID s	D1.DIPDIR d	D1.DIP d	D2.DIPDIR d	D2.DIP d	T1.X d	T1.Y d	T1.Z d	T2.X d	T2.Y d	T2.Z d	ANG d	MSFT d
W_TST_0570	144.14211350	14.26739150	144.14211350	58.76994453	0.56770919	-0.78547433	-0.24644748	0.30371100	-0.42021020	-0.85509240	44.50255303	1980.47722643
W_TST_0571	144.14211350	14.26739150	144.14211350	41.87992041	0.56770919	-0.78547433	-0.24644748	0.43613751	-0.60343363	-0.66757167	27.61252892	762.45175322
W_TST_0572	144.14211350	14.26739150	144.14211350	41.98987643	0.56770919	-0.78547433	-0.24644748	0.43538625	-0.60239419	-0.66899929	27.72248494	768.53617104
W_TST_0573	144.14211350	14.26739150	144.14211350	45.37648583	0.56770919	-0.78547433	-0.24644748	0.41147611	-0.56931247	-0.71173782	31.10909433	967.77575020
W_TST_0574	144.14211350	14.26739150	144.14211350	11.32441465	0.56770919	-0.78547433	-0.24644748	0.57437236	-0.79469339	-0.19636398	2.94297684	8.66111270
W_TST_0575	144.14211350	14.26739150	144.14211350	14.09414521	0.56770919	-0.78547433	-0.24644748	0.56814311	-0.78607469	-0.24351590	0.17324629	0.03001428
W_TST_0576	144.14211350	14.26739150	144.14211350	32.15631595	0.56770919	-0.78547433	-0.24644748	0.49591817	-0.68614530	-0.53223096	17.88892445	320.01361805
W_TST_0577	144.14211350	14.26739150	144.14211350	45.20860357	0.56770919	-0.78547433	-0.24644748	0.41269596	-0.57100023	-0.70967654	30.94121208	957.35860475
