RUN i	SIZE i	MIN_DEPTH d	MAX_DEPTH d
1448	46	1447.85000000	1467.85000000
