RUN i	SIZE i	MIN_DEPTH d	MAX_DEPTH d
1624	22	1623.85000000	1643.85000000
