RUN i	SIZE i	MIN_DEPTH d	MAX_DEPTH d
1650	17	1649.85000000	1669.85000000
