RUN i	SIZE i	MIN_DEPTH d	MAX_DEPTH d
1422	36	1421.85000000	1441.85000000
