ID s	D1.DIPDIR d	D1.DIP d	D2.DIPDIR d	D2.DIP d	T1.X d	T1.Y d	T1.Z d	T2.X d	T2.Y d	T2.Z d	ANG d	MSFT d
W_TST_0570	104.26896567	16.11971978	104.26896567	59.58000000	0.93104596	-0.23678365	-0.27764531	0.49071406	-0.12479842	-0.86233698	43.46028022	1888.79595715
W_TST_0571	104.26896567	16.11971978	104.26896567	51.63000000	0.93104596	-0.23678365	-0.27764531	0.60158722	-0.15299569	-0.78401858	35.51028022	1260.98000159
W_TST_0572	104.26896567	16.11971978	104.26896567	34.35000000	0.93104596	-0.23678365	-0.27764531	0.80013574	-0.20349055	-0.56424674	18.23028022	332.34311705
W_TST_0573	104.26896567	16.11971978	104.26896567	49.07000000	0.93104596	-0.23678365	-0.27764531	0.63492512	-0.16147418	-0.75551054	32.95028022	1085.72096684
W_TST_0574	104.26896567	16.11971978	104.26896567	16.59000000	0.93104596	-0.23678365	-0.27764531	0.92880604	-0.23621399	-0.28552110	0.47028022	0.22116349
W_TST_0575	104.26896567	16.11971978	104.26896567	3.39000000	0.93104596	-0.23678365	-0.27764531	0.96745352	-0.24604282	-0.05913215	12.72971978	162.04576558
W_TST_0576	104.26896567	16.11971978	104.26896567	21.69000000	0.93104596	-0.23678365	-0.27764531	0.90053078	-0.22902302	-0.36958459	5.57028022	31.02802177
W_TST_0577	104.26896567	16.11971978	104.26896567	48.52000000	0.93104596	-0.23678365	-0.27764531	0.64192440	-0.16325424	-0.74918697	32.40028022	1049.77815859
