RUN i	SIZE i	MIN_DEPTH d	MAX_DEPTH d
1524	26	1523.85000000	1543.85000000
