RUN i	SIZE i	MIN_DEPTH d	MAX_DEPTH d
1403	16	1402.84000000	1422.84000000
