RUN i	SIZE i	MIN_DEPTH d	MAX_DEPTH d
1611	36	1610.85000000	1630.85000000
