ID s	D1.DIPDIR d	D1.DIP d	D2.DIPDIR d	D2.DIP d	T1.X d	T1.Y d	T1.Z d	T2.X d	T2.Y d	T2.Z d	ANG d
W_TST_0583	163.83665289	16.08942171	163.83665289	32.54000000	0.26747281	-0.92285060	-0.27713726	0.23467608	-0.80969336	-0.53788828	16.45057829
W_TST_0582	163.83665289	16.08942171	163.83665289	34.41000000	0.26747281	-0.92285060	-0.27713726	0.22966495	-0.79240366	-0.56511100	18.32057829
W_TST_0581	163.83665289	16.08942171	163.83665289	8.51000000	0.26747281	-0.92285060	-0.27713726	0.27531182	-0.94989722	-0.14798202	7.57942171
W_TST_0580	163.83665289	16.08942171	163.83665289	48.29000000	0.26747281	-0.92285060	-0.27713726	0.18522093	-0.63906026	-0.74652207	32.20057829
W_TST_0579	163.83665289	16.08942171	163.83665289	16.38000000	0.26747281	-0.92285060	-0.27713726	0.26707811	-0.92148878	-0.28200658	0.29057829
W_TST_0578	163.83665289	16.08942171	163.83665289	34.20000000	0.26747281	-0.92285060	-0.27713726	0.23023999	-0.79438770	-0.56208338	18.11057829
