RUN i	SIZE i	MIN_DEPTH d	MAX_DEPTH d
1601	49	1600.85000000	1620.85000000
