RUN i	SIZE i	MIN_DEPTH d	MAX_DEPTH d
1730	22	1729.84000000	1749.84000000
