RUN i	SIZE i	MIN_DEPTH d	MAX_DEPTH d
1579	29	1578.85000000	1598.85000000
