RUN i	SIZE i	MIN_DEPTH d	MAX_DEPTH d
1619	25	1618.84000000	1638.84000000
