ID s	D1.DIPDIR d	D1.DIP d	D2.DIPDIR d	D2.DIP d	T1.X d	T1.Y d	T1.Z d	T2.X d	T2.Y d	T2.Z d	ANG d
W_TST_0579	150.55422962	0.00000000	157.45388768	0.00000000	0.49159956	-0.87082138	0.00000000	0.38342686	-0.92357125	0.00000000	6.89965806
W_TST_0578	150.55422962	0.00000000	44.71690864	0.00000000	0.49159956	-0.87082138	0.00000000	0.70360444	0.71059186	0.00000000	105.83732098
W_TST_0577	150.55422962	0.00000000	120.45012697	0.00000000	0.49159956	-0.87082138	0.00000000	0.86207062	-0.50678817	0.00000000	30.10410266
W_TST_0576	150.55422962	0.00000000	213.08618114	0.00000000	0.49159956	-0.87082138	0.00000000	-0.54589990	-0.83785040	0.00000000	62.53195152
W_TST_0575	150.55422962	0.00000000	221.90076312	0.00000000	0.49159956	-0.87082138	0.00000000	-0.66784247	-0.74430265	0.00000000	71.34653349
