RUN i	SIZE i	MIN_DEPTH d	MAX_DEPTH d
1620	20	1619.85000000	1639.85000000
