RUN i	SIZE i	MIN_DEPTH d	MAX_DEPTH d
1760	30	1759.84000000	1779.84000000
