RUN i	SIZE i	MIN_DEPTH d	MAX_DEPTH d
1553	48	1552.85000000	1572.85000000
