RUN i	SIZE i	MIN_DEPTH d	MAX_DEPTH d
1679	21	1678.84000000	1698.84000000
