RUN i	SIZE i	MIN_DEPTH d	MAX_DEPTH d
1374	33	1373.85000000	1393.85000000
