RUN i	SIZE i	MIN_DEPTH d	MAX_DEPTH d
1691	15	1690.84000000	1710.84000000
