RUN i	SIZE i	MIN_DEPTH d	MAX_DEPTH d
1713	25	1712.84000000	1732.84000000
