RUN i	SIZE i	MIN_DEPTH d	MAX_DEPTH d
1782	26	1781.84000000	1801.84000000
