RUN i	SIZE i	MIN_DEPTH d	MAX_DEPTH d
1539	27	1538.85000000	1558.85000000
