RUN i	SIZE i	MIN_DEPTH d	MAX_DEPTH d
1503	20	1502.84000000	1522.84000000
