RUN i	SIZE i	MIN_DEPTH d	MAX_DEPTH d
1532	20	1531.85000000	1551.85000000
