D1.DIPDIR d	D1.DIP d	D2.DIPDIR d	D2.DIP d	T1.X d	T1.Y d	T1.Z d	T2.X d	T2.Y d	T2.Z d	ANG d
179.65999999	0.00000000	179.66000000	0.00000000	0.00593408	-0.99998239	0.00000000	0.00593408	-0.99998239	0.00000000	0.02562345
