RUN i	SIZE i	MIN_DEPTH d	MAX_DEPTH d
1754	22	1753.85000000	1773.85000000
