RUN i	SIZE i	MIN_DEPTH d	MAX_DEPTH d
1582	17	1581.84000000	1601.84000000
