ID s	D1.DIPDIR d	D1.DIP d	D2.DIPDIR d	D2.DIP d	T1.X d	T1.Y d	T1.Z d	T2.X d	T2.Y d	T2.Z d	ANG d
W_TST_0576	167.26974679	0.00000000	213.08618114	0.00000000	0.22036127	-0.97541833	0.00000000	-0.54589990	-0.83785040	0.00000000	45.81643434
W_TST_0575	167.26974679	0.00000000	221.90076312	0.00000000	0.22036127	-0.97541833	0.00000000	-0.66784247	-0.74430265	0.00000000	54.63101632
W_TST_0574	167.26974679	0.00000000	125.59483738	0.00000000	0.22036127	-0.97541833	0.00000000	0.81315321	-0.58204970	0.00000000	41.67490942
W_TST_0573	167.26974679	0.00000000	118.17830988	0.00000000	0.22036127	-0.97541833	0.00000000	0.88148228	-0.47221710	0.00000000	49.09143692
W_TST_0572	167.26974679	0.00000000	183.50845562	0.00000000	0.22036127	-0.97541833	0.00000000	-0.06119584	-0.99812578	0.00000000	16.23870883
W_TST_0571	167.26974679	0.00000000	70.37211155	0.00000000	0.22036127	-0.97541833	0.00000000	0.94189406	0.33591007	0.00000000	96.89763524
W_TST_0570	167.26974679	0.00000000	314.63826170	0.00000000	0.22036127	-0.97541833	0.00000000	-0.71155699	0.70262838	0.00000000	147.36851491
W_TST_0569	167.26974679	0.00000000	224.46236841	0.00000000	0.22036127	-0.97541833	0.00000000	-0.70044065	-0.71371065	0.00000000	57.19262161
