RUN i	SIZE i	MIN_DEPTH d	MAX_DEPTH d
1468	22	1467.84000000	1487.84000000
