RUN i	SIZE i	MIN_DEPTH d	MAX_DEPTH d
1749	15	1748.85000000	1768.85000000
