RUN i	SIZE i	MIN_DEPTH d	MAX_DEPTH d
1412	43	1411.85000000	1431.85000000
