RUN i	SIZE i	MIN_DEPTH d	MAX_DEPTH d
1500	28	1499.85000000	1519.85000000
