RUN i	SIZE i	MIN_DEPTH d	MAX_DEPTH d
1510	32	1509.85000000	1529.85000000
