RUN i	SIZE i	MIN_DEPTH d	MAX_DEPTH d
1492	24	1491.85000000	1511.85000000
