RUN i	SIZE i	MIN_DEPTH d	MAX_DEPTH d
1393	17	1392.84000000	1412.84000000
