ID s	D1.DIPDIR d	D1.DIP d	D2.DIPDIR d	D2.DIP d	T1.X d	T1.Y d	T1.Z d	T2.X d	T2.Y d	T2.Z d	ANG d
W_TST_0577	140.80668738	0.00000000	120.45012697	0.00000000	0.63193885	-0.77501825	0.00000000	0.86207062	-0.50678817	0.00000000	20.35656041
W_TST_0576	140.80668738	0.00000000	213.08618114	0.00000000	0.63193885	-0.77501825	0.00000000	-0.54589990	-0.83785040	0.00000000	72.27949376
W_TST_0575	140.80668738	0.00000000	221.90076312	0.00000000	0.63193885	-0.77501825	0.00000000	-0.66784247	-0.74430265	0.00000000	81.09407574
W_TST_0574	140.80668738	0.00000000	125.59483738	0.00000000	0.63193885	-0.77501825	0.00000000	0.81315321	-0.58204970	0.00000000	15.21185000
W_TST_0573	140.80668738	0.00000000	118.17830988	0.00000000	0.63193885	-0.77501825	0.00000000	0.88148228	-0.47221710	0.00000000	22.62837750
W_TST_0572	140.80668738	0.00000000	183.50845562	0.00000000	0.63193885	-0.77501825	0.00000000	-0.06119584	-0.99812578	0.00000000	42.70176824
W_TST_0571	140.80668738	0.00000000	70.37211155	0.00000000	0.63193885	-0.77501825	0.00000000	0.94189406	0.33591007	0.00000000	70.43457583
