RUN i	SIZE i	MIN_DEPTH d	MAX_DEPTH d
1655	24	1654.84000000	1674.84000000
