RUN i	SIZE i	MIN_DEPTH d	MAX_DEPTH d
1540	20	1539.84000000	1559.84000000
