RUN i	SIZE i	MIN_DEPTH d	MAX_DEPTH d
1675	8	1674.85000000	1694.85000000
