RUN i	SIZE i	MIN_DEPTH d	MAX_DEPTH d
1580	35	1579.85000000	1599.85000000
