RUN i	SIZE i	MIN_DEPTH d	MAX_DEPTH d
1402	17	1401.84000000	1421.84000000
