RUN i	SIZE i	MIN_DEPTH d	MAX_DEPTH d
1450	44	1449.85000000	1469.85000000
