RUN i	SIZE i	MIN_DEPTH d	MAX_DEPTH d
1444	51	1443.85000000	1463.85000000
