RUN i	SIZE i	MIN_DEPTH d	MAX_DEPTH d
1669	17	1668.84000000	1688.84000000
