D1.DIPDIR d	D1.DIP d	D2.DIPDIR d	D2.DIP d	T1.X d	T1.Y d	T1.Z d	T2.X d	T2.Y d	T2.Z d	ANG d
189.23999999	0.00000000	189.24000000	0.00000000	-0.16057030	-0.98702441	0.00000000	-0.16057030	-0.98702441	0.00000000	0.02562345
