RUN i	SIZE i	MIN_DEPTH d	MAX_DEPTH d
1705	17	1704.84000000	1724.84000000
