RUN i	SIZE i	MIN_DEPTH d	MAX_DEPTH d
1470	23	1469.84000000	1489.84000000
