RUN i	SIZE i	MIN_DEPTH d	MAX_DEPTH d
1489	24	1488.85000000	1508.85000000
