RUN i	SIZE i	MIN_DEPTH d	MAX_DEPTH d
1449	15	1448.84000000	1468.84000000
