RUN i	SIZE i	MIN_DEPTH d	MAX_DEPTH d
1728	13	1727.85000000	1747.85000000
