RUN i	SIZE i	MIN_DEPTH d	MAX_DEPTH d
1706	10	1705.85000000	1725.85000000
