RUN i	SIZE i	MIN_DEPTH d	MAX_DEPTH d
1753	25	1752.84000000	1772.84000000
