RUN i	SIZE i	MIN_DEPTH d	MAX_DEPTH d
1760	20	1759.85000000	1779.85000000
