RUN i	SIZE i	MIN_DEPTH d	MAX_DEPTH d
1775	36	1774.85000000	1794.85000000
