RUN i	SIZE i	MIN_DEPTH d	MAX_DEPTH d
1590	57	1589.85000000	1609.85000000
