RUN i	SIZE i	MIN_DEPTH d	MAX_DEPTH d
1778	33	1777.85000000	1797.85000000
