RUN i	SIZE i	MIN_DEPTH d	MAX_DEPTH d
1475	23	1474.84000000	1494.84000000
