RUN i	SIZE i	MIN_DEPTH d	MAX_DEPTH d
1650	26	1649.84000000	1669.84000000
