RUN i	SIZE i	MIN_DEPTH d	MAX_DEPTH d
1746	15	1745.85000000	1765.85000000
