RUN i	SIZE i	MIN_DEPTH d	MAX_DEPTH d
1577	16	1576.85000000	1596.85000000
