RUN i	SIZE i	MIN_DEPTH d	MAX_DEPTH d
1452	40	1451.85000000	1471.85000000
