D1.DIPDIR d	D1.DIP d	D2.DIPDIR d	D2.DIP d	T1.X d	T1.Y d	T1.Z d	T2.X d	T2.Y d	T2.Z d	ANG d
118.26856209	19.97649161	118.26856209	16.38000000	0.82774591	-0.44510957	-0.34163456	0.84499040	-0.45438257	-0.28200658	3.59649161
118.26856209	19.97649161	118.26856209	34.20000000	0.82774591	-0.44510957	-0.34163456	0.72844075	-0.39170952	-0.56208338	14.22350839
118.26856209	19.97649161	118.26856209	48.52000000	0.82774591	-0.44510957	-0.34163456	0.58336393	-0.31369635	-0.74918697	28.54350839
118.26856209	19.97649161	118.26856209	21.69000000	0.82774591	-0.44510957	-0.34163456	0.81837858	-0.44007241	-0.36958459	1.71350839
118.26856209	19.97649161	118.26856209	3.39000000	0.82774591	-0.44510957	-0.34163456	0.87919620	-0.47277629	-0.05913215	16.58649161
118.26856209	19.97649161	118.26856209	16.59000000	0.82774591	-0.44510957	-0.34163456	0.84407439	-0.45388999	-0.28552110	3.38649161
118.26856209	19.97649161	118.26856209	49.07000000	0.82774591	-0.44510957	-0.34163456	0.57700317	-0.31027593	-0.75551054	29.09350839
118.26856209	19.97649161	118.26856209	34.35000000	0.82774591	-0.44510957	-0.34163456	0.72714223	-0.39101125	-0.56424674	14.37350839
