RUN i	SIZE i	MIN_DEPTH d	MAX_DEPTH d
1451	42	1450.85000000	1470.85000000
