ID s	D1.DIPDIR d	D1.DIP d	D2.DIPDIR d	D2.DIP d	T1.X d	T1.Y d	T1.Z d	T2.X d	T2.Y d	T2.Z d	ANG d
W_TST_0581	227.26968821	34.91466188	227.26968821	66.28174543	-0.60233968	-0.55641336	-0.57235573	-0.29546732	-0.27293895	-0.91553449	31.36708355
W_TST_0580	227.26968821	34.91466188	227.26968821	63.90519744	-0.60233968	-0.55641336	-0.57235573	-0.32309999	-0.29846473	-0.89806748	28.99053556
W_TST_0579	227.26968821	34.91466188	227.26968821	63.97987187	-0.60233968	-0.55641336	-0.57235573	-0.32223995	-0.29767026	-0.89863999	29.06520998
W_TST_0578	227.26968821	34.91466188	227.26968821	35.39207007	-0.60233968	-0.55641336	-0.57235573	-0.59881567	-0.55315804	-0.57916835	0.47740819
