D1.DIPDIR d	D1.DIP d	D2.DIPDIR d	D2.DIP d	T1.X d	T1.Y d	T1.Z d	T2.X d	T2.Y d	T2.Z d	ANG d
357.27790529	0.00000000	66.14000000	0.00000000	-0.04749164	0.99887164	0.00000000	0.91453657	0.40450322	0.00000000	68.86209472
357.27790529	0.00000000	321.04000000	0.00000000	-0.04749164	0.99887164	0.00000000	-0.62877769	0.77758512	0.00000000	36.23790529
357.27790529	0.00000000	41.75000000	0.00000000	-0.04749164	0.99887164	0.00000000	0.66588167	0.74605738	0.00000000	44.47209472
357.27790529	0.00000000	6.62000000	0.00000000	-0.04749164	0.99887164	0.00000000	0.11528390	0.99333258	0.00000000	9.34209472
357.27790529	0.00000000	284.17000000	0.00000000	-0.04749164	0.99887164	0.00000000	-0.96957366	0.24479975	0.00000000	73.10790529
