ID s	D1.DIPDIR d	D1.DIP d	D2.DIPDIR d	D2.DIP d	T1.X d	T1.Y d	T1.Z d	T2.X d	T2.Y d	T2.Z d	ANG d
W_TST_0494	235.11554370	30.50737812	235.11554370	42.99527533	-0.70674687	-0.49274846	-0.50764931	-0.59998074	-0.41831042	-0.68193805	12.48789722
W_TST_0493	235.11554370	30.50737812	235.11554370	30.72519531	-0.70674687	-0.49274846	-0.50764931	-0.70515866	-0.49164115	-0.51092098	0.21781719
W_TST_0492	235.11554370	30.50737812	235.11554370	72.11478020	-0.70674687	-0.49274846	-0.50764931	-0.25192543	-0.17564403	-0.95167366	41.60740208
W_TST_0491	235.11554370	30.50737812	235.11554370	34.50126437	-0.70674687	-0.49274846	-0.50764931	-0.67602628	-0.47132987	-0.56642442	3.99388625
W_TST_0490	235.11554370	30.50737812	235.11554370	88.78643108	-0.70674687	-0.49274846	-0.50764931	-0.01737344	-0.01211287	-0.99977570	58.27905296
W_TST_0489	235.11554370	30.50737812	235.11554370	64.01319277	-0.70674687	-0.49274846	-0.50764931	-0.35942917	-0.25059633	-0.89889496	33.50581465
W_TST_0488	235.11554370	30.50737812	235.11554370	39.91350827	-0.70674687	-0.49274846	-0.50764931	-0.62918692	-0.43867316	-0.64163048	9.40613015
W_TST_0487	235.11554370	30.50737812	235.11554370	81.87947689	-0.70674687	-0.49274846	-0.50764931	-0.11587317	-0.08078752	-0.98997312	51.37209877
