RUN i	SIZE i	MIN_DEPTH d	MAX_DEPTH d
1425	39	1424.85000000	1444.85000000
