D1.DIPDIR d	D1.DIP d	D2.DIPDIR d	D2.DIP d	T1.X d	T1.Y d	T1.Z d	T2.X d	T2.Y d	T2.Z d	ANG d
137.30418415	7.69999271	137.30418415	14.09414521	0.67199166	-0.72833711	-0.13398606	0.65769291	-0.71283942	-0.24351590	6.39415250
137.30418415	7.69999271	137.30418415	11.32441465	0.67199166	-0.72833711	-0.13398606	0.66490400	-0.72065516	-0.19636398	3.62442194
137.30418415	7.69999271	137.30418415	45.37648583	0.67199166	-0.72833711	-0.13398606	0.47633231	-0.51627202	-0.71173782	37.67649312
137.30418415	7.69999271	137.30418415	41.98987643	0.67199166	-0.72833711	-0.13398606	0.50401113	-0.54627167	-0.66899929	34.28988372
137.30418415	7.69999271	137.30418415	41.87992041	0.67199166	-0.72833711	-0.13398606	0.50488080	-0.54721426	-0.66757167	34.17992770
137.30418415	7.69999271	137.30418415	58.76994453	0.67199166	-0.72833711	-0.13398606	0.35158144	-0.38106099	-0.85509240	51.06995182
137.30418415	7.69999271	137.30418415	7.02454167	0.67199166	-0.72833711	-0.13398606	0.67301604	-0.72944737	-0.12229447	0.67545104
