RUN i	SIZE i	MIN_DEPTH d	MAX_DEPTH d
1378	18	1377.84000000	1397.84000000
