ID s	D1.DIPDIR d	D1.DIP d	D2.DIPDIR d	D2.DIP d	T1.X d	T1.Y d	T1.Z d	T2.X d	T2.Y d	T2.Z d	ANG d	MSFT d
W_TST_0578	186.41108919	0.00000000	44.71690864	0.00000000	-0.11166127	-0.99374633	0.00000000	0.70360444	0.71059186	0.00000000	141.69418055	20077.24080272
W_TST_0579	186.41108919	0.00000000	157.45388768	0.00000000	-0.11166127	-0.99374633	0.00000000	0.38342686	-0.92357125	0.00000000	28.95720152	838.51951964
W_TST_0580	186.41108919	0.00000000	220.21151905	0.00000000	-0.11166127	-0.99374633	0.00000000	-0.64561123	-0.76366625	0.00000000	33.80042985	1142.46905832
W_TST_0581	186.41108919	0.00000000	180.69289613	0.00000000	-0.11166127	-0.99374633	0.00000000	-0.01209302	-0.99992688	0.00000000	5.71819306	32.69773190
W_TST_0582	186.41108919	0.00000000	200.03550829	0.00000000	-0.11166127	-0.99374633	0.00000000	-0.34260244	-0.93948048	0.00000000	13.62441909	185.62479558
W_TST_0583	186.41108919	0.00000000	164.29656168	0.00000000	-0.11166127	-0.99374633	0.00000000	0.27065822	-0.96267551	0.00000000	22.11452751	489.05232704
