RUN i	SIZE i	MIN_DEPTH d	MAX_DEPTH d
1793	1	1792.85000000	1812.85000000
