RUN i	SIZE i	MIN_DEPTH d	MAX_DEPTH d
1394	18	1393.84000000	1413.84000000
