RUN i	SIZE i	MIN_DEPTH d	MAX_DEPTH d
1775	28	1774.84000000	1794.84000000
