RUN i	SIZE i	MIN_DEPTH d	MAX_DEPTH d
1559	17	1558.84000000	1578.84000000
