RUN i	SIZE i	MIN_DEPTH d	MAX_DEPTH d
1588	52	1587.85000000	1607.85000000
