RUN i	SIZE i	MIN_DEPTH d	MAX_DEPTH d
1383	36	1382.85000000	1402.85000000
