RUN i	SIZE i	MIN_DEPTH d	MAX_DEPTH d
1602	20	1601.84000000	1621.84000000
