RUN i	SIZE i	MIN_DEPTH d	MAX_DEPTH d
1552	24	1551.84000000	1571.84000000
