ID s	D1.DIPDIR d	D1.DIP d	D2.DIPDIR d	D2.DIP d	T1.X d	T1.Y d	T1.Z d	T2.X d	T2.Y d	T2.Z d	ANG d	MSFT d
W_TST_0569	242.95108315	0.00000000	233.14169461	0.00000000	-0.89061860	-0.45475104	0.00000000	-0.80012138	-0.59983813	0.00000000	9.80938854	96.22410359
W_TST_0570	242.95108315	0.00000000	292.48489888	0.00000000	-0.89061860	-0.45475104	0.00000000	-0.92398036	0.38243992	0.00000000	49.53381573	2453.59890112
W_TST_0571	242.95108315	0.00000000	209.42141952	0.00000000	-0.89061860	-0.45475104	0.00000000	-0.49122941	-0.87103023	0.00000000	33.52966363	1124.23834341
W_TST_0572	242.95108315	0.00000000	23.78978352	0.00000000	-0.89061860	-0.45475104	0.00000000	0.40338214	0.91503161	0.00000000	140.83870038	19835.53952551
W_TST_0573	242.95108315	0.00000000	184.35392736	0.00000000	-0.89061860	-0.45475104	0.00000000	-0.07591725	-0.99711412	0.00000000	58.59715579	3433.62666676
W_TST_0574	242.95108315	0.00000000	222.14523654	0.00000000	-0.89061860	-0.45475104	0.00000000	-0.67101222	-0.74144629	0.00000000	20.80584661	432.88325303
W_TST_0575	242.95108315	0.00000000	231.66590176	0.00000000	-0.89061860	-0.45475104	0.00000000	-0.78440738	-0.62024596	0.00000000	11.28518139	127.35531908
W_TST_0576	242.95108315	0.00000000	44.15693778	0.00000000	-0.89061860	-0.45475104	0.00000000	0.69662609	0.71743438	0.00000000	161.20585464	25987.32756907
