RUN i	SIZE i	MIN_DEPTH d	MAX_DEPTH d
1432	28	1431.84000000	1451.84000000
