RUN i	SIZE i	MIN_DEPTH d	MAX_DEPTH d
1748	15	1747.85000000	1767.85000000
