RUN i	SIZE i	MIN_DEPTH d	MAX_DEPTH d
1530	18	1529.85000000	1549.85000000
