RUN i	SIZE i	MIN_DEPTH d	MAX_DEPTH d
1762	29	1761.84000000	1781.84000000
