RUN i	SIZE i	MIN_DEPTH d	MAX_DEPTH d
1629	27	1628.84000000	1648.84000000
