ID s	D1.DIPDIR d	D1.DIP d	D2.DIPDIR d	D2.DIP d	T1.X d	T1.Y d	T1.Z d	T2.X d	T2.Y d	T2.Z d	ANG d	MSFT d
W_TST_0539	203.28106679	33.86191947	203.28106679	81.48187339	-0.32820214	-0.76277057	-0.55719333	-0.05854415	-0.13606174	-0.98896905	47.61995392	2267.66001164
W_TST_0540	203.28106679	33.86191947	203.28106679	48.86207779	-0.32820214	-0.76277057	-0.55719333	-0.26001937	-0.60430782	-0.75312813	15.00015832	225.00474968
W_TST_0541	203.28106679	33.86191947	203.28106679	69.20870024	-0.32820214	-0.76277057	-0.55719333	-0.14029707	-0.32606270	-0.93487959	35.34678077	1249.39491115
W_TST_0542	203.28106679	33.86191947	203.28106679	63.55179672	-0.32820214	-0.76277057	-0.55719333	-0.17603627	-0.40912373	-0.89533737	29.68987725	881.48881103
W_TST_0543	203.28106679	33.86191947	203.28106679	86.07972046	-0.32820214	-0.76277057	-0.55719333	-0.02702207	-0.06280165	-0.99766014	52.21780099	2726.69874026
W_TST_0544	203.28106679	33.86191947	203.28106679	73.12689876	-0.32820214	-0.76277057	-0.55719333	-0.11472016	-0.26661971	-0.95694996	39.26497929	1541.73859858
W_TST_0545	203.28106679	33.86191947	203.28106679	85.93883730	-0.32820214	-0.76277057	-0.55719333	-0.02799156	-0.06505484	-0.99748902	52.07691783	2712.00537118
W_TST_0546	203.28106679	33.86191947	203.28106679	82.81969653	-0.32820214	-0.76277057	-0.55719333	-0.04940215	-0.11481494	-0.99215773	48.95777706	2396.86393513
