RUN i	SIZE i	MIN_DEPTH d	MAX_DEPTH d
1672	18	1671.84000000	1691.84000000
