RUN i	SIZE i	MIN_DEPTH d	MAX_DEPTH d
1385	44	1384.85000000	1404.85000000
