RUN i	SIZE i	MIN_DEPTH d	MAX_DEPTH d
1428	47	1427.85000000	1447.85000000
