RUN i	SIZE i	MIN_DEPTH d	MAX_DEPTH d
1641	24	1640.84000000	1660.84000000
