D1.DIPDIR d	D1.DIP d	D2.DIPDIR d	D2.DIP d	T1.X d	T1.Y d	T1.Z d	T2.X d	T2.Y d	T2.Z d	ANG d
211.91145138	0.00000000	215.97821896	0.00000000	-0.52860800	-0.84886605	0.00000000	-0.58747766	-0.80924038	0.00000000	4.06676759
211.91145138	0.00000000	241.37356574	0.00000000	-0.52860800	-0.84886605	0.00000000	-0.87776203	-0.47909688	0.00000000	29.46211436
211.91145138	0.00000000	179.85633627	0.00000000	-0.52860800	-0.84886605	0.00000000	0.00250740	-0.99999686	0.00000000	32.05511510
211.91145138	0.00000000	224.14818032	0.00000000	-0.52860800	-0.84886605	0.00000000	-0.69651643	-0.71754085	0.00000000	12.23672894
211.91145138	0.00000000	232.00871609	0.00000000	-0.52860800	-0.84886605	0.00000000	-0.78810440	-0.61554159	0.00000000	20.09726471
211.91145138	0.00000000	221.99311316	0.00000000	-0.52860800	-0.84886605	0.00000000	-0.66904128	-0.74322525	0.00000000	10.08166179
211.91145138	0.00000000	179.32358131	0.00000000	-0.52860800	-0.84886605	0.00000000	0.01180546	-0.99993031	0.00000000	32.58787006
211.91145138	0.00000000	204.01545681	0.00000000	-0.52860800	-0.84886605	0.00000000	-0.40698308	-0.91343570	0.00000000	7.89599456
211.91145138	0.00000000	202.77268573	0.00000000	-0.52860800	-0.84886605	0.00000000	-0.38707607	-0.92204778	0.00000000	9.13876565
