D1.DIPDIR d	D1.DIP d	D2.DIPDIR d	D2.DIP d	T1.X d	T1.Y d	T1.Z d	T2.X d	T2.Y d	T2.Z d	ANG d
213.00015959	19.77683424	213.00015959	31.57000000	-0.51251714	-0.78920238	-0.33835748	-0.46403509	-0.71454702	-0.52353987	11.79316576
213.00015959	19.77683424	213.00015959	13.31000000	-0.51251714	-0.78920238	-0.33835748	-0.53001160	-0.81614132	-0.23021959	6.46683424
213.00015959	19.77683424	213.00015959	19.26000000	-0.51251714	-0.78920238	-0.33835748	-0.51415859	-0.79172997	-0.32985541	0.51683424
