ID s	D1.DIPDIR d	D1.DIP d	D2.DIPDIR d	D2.DIP d	T1.X d	T1.Y d	T1.Z d	T2.X d	T2.Y d	T2.Z d	ANG d	MSFT d
W_TST_0576	106.32760663	19.63940019	106.32760663	21.69000000	0.90384264	-0.26477488	-0.33609931	0.89172252	-0.26122438	-0.36958459	2.05059981	4.20495959
W_TST_0577	106.32760663	19.63940019	106.32760663	48.52000000	0.90384264	-0.26477488	-0.33609931	0.63564562	-0.18620829	-0.74918697	28.88059981	834.08904553
W_TST_0578	106.32760663	19.63940019	106.32760663	34.20000000	0.90384264	-0.26477488	-0.33609931	0.79372437	-0.23251645	-0.56208338	14.56059981	212.01106690
W_TST_0579	106.32760663	19.63940019	106.32760663	16.38000000	0.90384264	-0.26477488	-0.33609931	0.92071932	-0.26971880	-0.28200658	3.25940019	10.62368958
