RUN i	SIZE i	MIN_DEPTH d	MAX_DEPTH d
1453	40	1452.85000000	1472.85000000
