RUN i	SIZE i	MIN_DEPTH d	MAX_DEPTH d
1645	26	1644.84000000	1664.84000000
