RUN i	SIZE i	MIN_DEPTH d	MAX_DEPTH d
1685	20	1684.84000000	1704.84000000
