RUN i	SIZE i	MIN_DEPTH d	MAX_DEPTH d
1407	30	1406.85000000	1426.85000000
