D1.DIPDIR d	D1.DIP d	D2.DIPDIR d	D2.DIP d	T1.X d	T1.Y d	T1.Z d	T2.X d	T2.Y d	T2.Z d	ANG d
203.12591305	0.00000000	216.49384723	0.00000000	-0.39275308	-0.91964396	0.00000000	-0.59473646	-0.80392073	0.00000000	13.36793419
203.12591305	0.00000000	237.88628537	0.00000000	-0.39275308	-0.91964396	0.00000000	-0.84699470	-0.53160134	0.00000000	34.76037233
203.12591305	0.00000000	184.56079396	0.00000000	-0.39275308	-0.91964396	0.00000000	-0.07951684	-0.99683352	0.00000000	18.56511908
203.12591305	0.00000000	44.15693778	0.00000000	-0.39275308	-0.91964396	0.00000000	0.69662609	0.71743438	0.00000000	158.96897527
