RUN i	SIZE i	MIN_DEPTH d	MAX_DEPTH d
1382	21	1381.84000000	1401.84000000
