RUN i	SIZE i	MIN_DEPTH d	MAX_DEPTH d
1538	22	1537.84000000	1557.84000000
