RUN i	SIZE i	MIN_DEPTH d	MAX_DEPTH d
1552	44	1551.85000000	1571.85000000
