RUN i	SIZE i	MIN_DEPTH d	MAX_DEPTH d
1456	15	1455.84000000	1475.84000000
