D1.DIPDIR d	D1.DIP d	D2.DIPDIR d	D2.DIP d	T1.X d	T1.Y d	T1.Z d	T2.X d	T2.Y d	T2.Z d	ANG d
259.93638248	56.06158543	259.93638248	20.73423807	-0.54971164	-0.09755846	-0.82963815	-0.92084347	-0.16342399	-0.35403377	35.32734735
259.93638248	56.06158543	259.93638248	81.14585520	-0.54971164	-0.09755846	-0.82963815	-0.15155149	-0.02689616	-0.98808337	25.08426977
259.93638248	56.06158543	259.93638248	65.37298434	-0.54971164	-0.09755846	-0.82963815	-0.41029811	-0.07281645	-0.90903973	9.31139892
259.93638248	56.06158543	259.93638248	43.85222344	-0.54971164	-0.09755846	-0.82963815	-0.71003401	-0.12601120	-0.69280075	12.20936198
259.93638248	56.06158543	259.93638248	84.87691298	-0.54971164	-0.09755846	-0.82963815	-0.08792177	-0.01560366	-0.99600517	28.81532755
