RUN i	SIZE i	MIN_DEPTH d	MAX_DEPTH d
1419	21	1418.84000000	1438.84000000
