RUN i	SIZE i	MIN_DEPTH d	MAX_DEPTH d
1529	16	1528.84000000	1548.84000000
