RUN i	SIZE i	MIN_DEPTH d	MAX_DEPTH d
1784	24	1783.84000000	1803.84000000
