RUN i	SIZE i	MIN_DEPTH d	MAX_DEPTH d
1491	24	1490.85000000	1510.85000000
