RUN i	SIZE i	MIN_DEPTH d	MAX_DEPTH d
1615	25	1614.84000000	1634.84000000
