RUN i	SIZE i	MIN_DEPTH d	MAX_DEPTH d
1388	37	1387.85000000	1407.85000000
