RUN i	SIZE i	MIN_DEPTH d	MAX_DEPTH d
1690	16	1689.84000000	1709.84000000
