RUN i	SIZE i	MIN_DEPTH d	MAX_DEPTH d
1378	32	1377.85000000	1397.85000000
