RUN i	SIZE i	MIN_DEPTH d	MAX_DEPTH d
1580	16	1579.84000000	1599.84000000
