RUN i	SIZE i	MIN_DEPTH d	MAX_DEPTH d
1705	9	1704.85000000	1724.85000000
