ID s	D1.DIPDIR d	D1.DIP d	D2.DIPDIR d	D2.DIP d	T1.X d	T1.Y d	T1.Z d	T2.X d	T2.Y d	T2.Z d	ANG d	MSFT d
W_TST_0569	96.61304137	0.00000000	41.75000000	0.00000000	0.99334658	-0.11516325	0.00000000	0.66588167	0.74605738	0.00000000	54.86304137	3009.95330838
W_TST_0570	96.61304137	0.00000000	321.04000000	0.00000000	0.99334658	-0.11516325	0.00000000	-0.62877769	0.77758512	0.00000000	135.57304138	18380.04954915
W_TST_0571	96.61304137	0.00000000	66.14000000	0.00000000	0.99334658	-0.11516325	0.00000000	0.91453657	0.40450322	0.00000000	30.47304137	928.60625035
W_TST_0572	96.61304137	0.00000000	173.85000000	0.00000000	0.99334658	-0.11516325	0.00000000	0.10713175	-0.99424483	0.00000000	77.23695863	5965.54777839
W_TST_0573	96.61304137	0.00000000	108.82000000	0.00000000	0.99334658	-0.11516325	0.00000000	0.94653671	-0.32259612	0.00000000	12.20695863	149.00983899
W_TST_0574	96.61304137	0.00000000	86.46000000	0.00000000	0.99334658	-0.11516325	0.00000000	0.99809194	0.06174535	0.00000000	10.15304137	103.08424906
W_TST_0575	96.61304137	0.00000000	216.82000000	0.00000000	0.99334658	-0.11516325	0.00000000	-0.59930307	-0.80052222	0.00000000	120.20695863	14449.71290304
W_TST_0576	96.61304137	0.00000000	208.40000000	0.00000000	0.99334658	-0.11516325	0.00000000	-0.47562421	-0.87964857	0.00000000	111.78695863	12496.32411971
