D1.DIPDIR d	D1.DIP d	D2.DIPDIR d	D2.DIP d	T1.X d	T1.Y d	T1.Z d	T2.X d	T2.Y d	T2.Z d	ANG d
218.45234404	59.57212548	218.45234404	52.44236768	-0.31494483	-0.39661659	-0.86226738	-0.37906257	-0.47736140	-0.79274060	7.12975780
218.45234404	59.57212548	218.45234404	88.89558903	-0.31494483	-0.39661659	-0.86226738	-0.01198605	-0.01509429	-0.99981423	29.32346355
218.45234404	59.57212548	218.45234404	72.25850943	-0.31494483	-0.39661659	-0.86226738	-0.18949601	-0.23863628	-0.95244107	12.68638396
218.45234404	59.57212548	218.45234404	55.54000711	-0.31494483	-0.39661659	-0.86226738	-0.35186942	-0.44311650	-0.82452148	4.03211837
218.45234404	59.57212548	218.45234404	50.87381169	-0.31494483	-0.39661659	-0.86226738	-0.39241479	-0.49417614	-0.77575806	8.69831379
218.45234404	59.57212548	218.45234404	88.52462096	-0.31494483	-0.39661659	-0.86226738	-0.01601135	-0.02016343	-0.99966848	28.95249548
218.45234404	59.57212548	218.45234404	20.73423807	-0.31494483	-0.39661659	-0.86226738	-0.58158703	-0.73240468	-0.35403377	38.83788740
218.45234404	59.57212548	218.45234404	81.14585520	-0.31494483	-0.39661659	-0.86226738	-0.09571701	-0.12053843	-0.98808337	21.57372972
