RUN i	SIZE i	MIN_DEPTH d	MAX_DEPTH d
1704	10	1703.85000000	1723.85000000
