RUN i	SIZE i	MIN_DEPTH d	MAX_DEPTH d
1414	18	1413.84000000	1433.84000000
