RUN i	SIZE i	MIN_DEPTH d	MAX_DEPTH d
1571	14	1570.84000000	1590.84000000
