ID s	D1.DIPDIR d	D1.DIP d	D2.DIPDIR d	D2.DIP d	T1.X d	T1.Y d	T1.Z d	T2.X d	T2.Y d	T2.Z d	ANG d
W_TST_0574	41.49188712	0.00000000	86.46000000	0.00000000	0.66251399	0.74904954	0.00000000	0.99809194	0.06174535	0.00000000	44.96811288
W_TST_0573	41.49188712	0.00000000	108.82000000	0.00000000	0.66251399	0.74904954	0.00000000	0.94653671	-0.32259612	0.00000000	67.32811288
W_TST_0572	41.49188712	0.00000000	173.85000000	0.00000000	0.66251399	0.74904954	0.00000000	0.10713175	-0.99424483	0.00000000	132.35811288
W_TST_0571	41.49188712	0.00000000	66.14000000	0.00000000	0.66251399	0.74904954	0.00000000	0.91453657	0.40450322	0.00000000	24.64811288
W_TST_0570	41.49188712	0.00000000	321.04000000	0.00000000	0.66251399	0.74904954	0.00000000	-0.62877769	0.77758512	0.00000000	80.45188713
W_TST_0569	41.49188712	0.00000000	41.75000000	0.00000000	0.66251399	0.74904954	0.00000000	0.66588167	0.74605738	0.00000000	0.25811288
W_TST_0568	41.49188712	0.00000000	6.62000000	0.00000000	0.66251399	0.74904954	0.00000000	0.11528390	0.99333258	0.00000000	34.87188712
W_TST_0567	41.49188712	0.00000000	284.17000000	0.00000000	0.66251399	0.74904954	0.00000000	-0.96957366	0.24479975	0.00000000	117.32188713
