RUN i	SIZE i	MIN_DEPTH d	MAX_DEPTH d
1514	21	1513.84000000	1533.84000000
