RUN i	SIZE i	MIN_DEPTH d	MAX_DEPTH d
1383	23	1382.84000000	1402.84000000
