RUN i	SIZE i	MIN_DEPTH d	MAX_DEPTH d
1547	22	1546.84000000	1566.84000000
