RUN i	SIZE i	MIN_DEPTH d	MAX_DEPTH d
1403	41	1402.85000000	1422.85000000
