RUN i	SIZE i	MIN_DEPTH d	MAX_DEPTH d
1694	13	1693.84000000	1713.84000000
