ID s	D1.DIPDIR d	D1.DIP d	D2.DIPDIR d	D2.DIP d	T1.X d	T1.Y d	T1.Z d	T2.X d	T2.Y d	T2.Z d	ANG d
W_TST_0581	227.26968821	0.00000000	224.27778020	0.00000000	-0.73455572	-0.67854837	0.00000000	-0.69813768	-0.71596353	0.00000000	2.99190802
W_TST_0580	227.26968821	0.00000000	41.99192482	0.00000000	-0.73455572	-0.67854837	0.00000000	0.66902586	0.74323912	0.00000000	174.72223662
W_TST_0579	227.26968821	0.00000000	215.97821896	0.00000000	-0.73455572	-0.67854837	0.00000000	-0.58747766	-0.80924038	0.00000000	11.29146925
W_TST_0578	227.26968821	0.00000000	241.37356574	0.00000000	-0.73455572	-0.67854837	0.00000000	-0.87776203	-0.47909688	0.00000000	14.10387752
