RUN i	SIZE i	MIN_DEPTH d	MAX_DEPTH d
1593	15	1592.84000000	1612.84000000
