RUN i	SIZE i	MIN_DEPTH d	MAX_DEPTH d
1715	22	1714.84000000	1734.84000000
