RUN i	SIZE i	MIN_DEPTH d	MAX_DEPTH d
1531	20	1530.85000000	1550.85000000
