RUN i	SIZE i	MIN_DEPTH d	MAX_DEPTH d
1520	15	1519.84000000	1539.84000000
