RUN i	SIZE i	MIN_DEPTH d	MAX_DEPTH d
1774	28	1773.84000000	1793.84000000
