RUN i	SIZE i	MIN_DEPTH d	MAX_DEPTH d
1410	17	1409.84000000	1429.84000000
