ID s	D1.DIPDIR d	D1.DIP d	D2.DIPDIR d	D2.DIP d	T1.X d	T1.Y d	T1.Z d	T2.X d	T2.Y d	T2.Z d	ANG d
W_TST_0581	145.10880648	0.00000000	122.75000000	0.00000000	0.57201981	-0.82023981	0.00000000	0.84103901	-0.54097447	0.00000000	22.35880648
W_TST_0580	145.10880648	0.00000000	219.72000000	0.00000000	0.57201981	-0.82023981	0.00000000	-0.63903635	-0.76917654	0.00000000	74.61119352
W_TST_0579	145.10880648	0.00000000	121.88000000	0.00000000	0.57201981	-0.82023981	0.00000000	0.84915610	-0.52814196	0.00000000	23.22880648
W_TST_0578	145.10880648	0.00000000	44.37000000	0.00000000	0.57201981	-0.82023981	0.00000000	0.69928915	0.71483892	0.00000000	100.73880648
