ID s	D1.DIPDIR d	D1.DIP d	D2.DIPDIR d	D2.DIP d	T1.X d	T1.Y d	T1.Z d	T2.X d	T2.Y d	T2.Z d	ANG d	MSFT d
W_TST_0569	78.98918505	0.00000000	41.75000000	0.00000000	0.98159115	0.19099428	0.00000000	0.66588167	0.74605738	0.00000000	37.23918505	1386.75690330
W_TST_0570	78.98918505	0.00000000	321.04000000	0.00000000	0.98159115	0.19099428	0.00000000	-0.62877769	0.77758512	0.00000000	117.94918506	13912.01025675
W_TST_0571	78.98918505	0.00000000	66.14000000	0.00000000	0.98159115	0.19099428	0.00000000	0.91453657	0.40450322	0.00000000	12.84918505	165.10155649
W_TST_0572	78.98918505	0.00000000	173.85000000	0.00000000	0.98159115	0.19099428	0.00000000	0.10713175	-0.99424483	0.00000000	94.86081495	8998.57421269
W_TST_0573	78.98918505	0.00000000	108.82000000	0.00000000	0.98159115	0.19099428	0.00000000	0.94653671	-0.32259612	0.00000000	29.83081495	889.87752049
W_TST_0574	78.98918505	0.00000000	86.46000000	0.00000000	0.98159115	0.19099428	0.00000000	0.99809194	0.06174535	0.00000000	7.47081495	55.81307599
