ID s	D1.DIPDIR d	D1.DIP d	D2.DIPDIR d	D2.DIP d	T1.X d	T1.Y d	T1.Z d	T2.X d	T2.Y d	T2.Z d	ANG d	MSFT d
W_TST_0575	109.00430496	15.16422182	109.00430496	3.39000000	0.91257203	-0.31430045	-0.26158653	0.94383965	-0.32506938	-0.05913215	11.77422182	138.63229947
W_TST_0576	109.00430496	15.16422182	109.00430496	21.69000000	0.91257203	-0.31430045	-0.26158653	0.87855038	-0.30258299	-0.36958459	6.52577818	42.58578085
W_TST_0577	109.00430496	15.16422182	109.00430496	48.52000000	0.91257203	-0.31430045	-0.26158653	0.62625613	-0.21568991	-0.74918697	33.35577818	1112.60793797
W_TST_0578	109.00430496	15.16422182	109.00430496	34.20000000	0.91257203	-0.31430045	-0.26158653	0.78199981	-0.26932985	-0.56208338	19.03577818	362.36085091
W_TST_0579	109.00430496	15.16422182	109.00430496	16.38000000	0.91257203	-0.31430045	-0.26158653	0.90711884	-0.31242231	-0.28200658	1.21577818	1.47811658
