RUN i	SIZE i	MIN_DEPTH d	MAX_DEPTH d
1635	25	1634.84000000	1654.84000000
