RUN i	SIZE i	MIN_DEPTH d	MAX_DEPTH d
1631	28	1630.84000000	1650.84000000
