RUN i	SIZE i	MIN_DEPTH d	MAX_DEPTH d
1676	8	1675.85000000	1695.85000000
