ID s	D1.DIPDIR d	D1.DIP d	D2.DIPDIR d	D2.DIP d	T1.X d	T1.Y d	T1.Z d	T2.X d	T2.Y d	T2.Z d	ANG d
W_TST_0490	70.26234384	12.24133322	70.26234384	88.78643108	0.91984780	0.33003540	-0.21202985	0.01993489	0.00715251	-0.99977570	76.54509786
W_TST_0489	70.26234384	12.24133322	70.26234384	64.01319277	0.91984780	0.33003540	-0.21202985	0.41242151	0.14797415	-0.89889496	51.77185955
W_TST_0488	70.26234384	12.24133322	70.26234384	39.91350827	0.91984780	0.33003540	-0.21202985	0.72195091	0.25903129	-0.64163048	27.67217505
W_TST_0487	70.26234384	12.24133322	70.26234384	81.87947689	0.91984780	0.33003540	-0.21202985	0.13295689	0.04770407	-0.98997312	69.63814367
