RUN i	SIZE i	MIN_DEPTH d	MAX_DEPTH d
1478	15	1477.85000000	1497.85000000
