ID s	D1.DIPDIR d	D1.DIP d	D2.DIPDIR d	D2.DIP d	T1.X d	T1.Y d	T1.Z d	T2.X d	T2.Y d	T2.Z d	ANG d	MSFT d
W_TST_0572	118.26856209	0.00000000	173.85000000	0.00000000	0.88073735	-0.47360502	0.00000000	0.10713175	-0.99424483	0.00000000	55.58143791	3089.29623962
W_TST_0573	118.26856209	0.00000000	108.82000000	0.00000000	0.88073735	-0.47360502	0.00000000	0.94653671	-0.32259612	0.00000000	9.44856209	89.27532566
W_TST_0574	118.26856209	0.00000000	86.46000000	0.00000000	0.88073735	-0.47360502	0.00000000	0.99809194	0.06174535	0.00000000	31.80856209	1011.78462253
W_TST_0575	118.26856209	0.00000000	216.82000000	0.00000000	0.88073735	-0.47360502	0.00000000	-0.59930307	-0.80052222	0.00000000	98.55143791	9712.38591320
W_TST_0576	118.26856209	0.00000000	208.40000000	0.00000000	0.88073735	-0.47360502	0.00000000	-0.47562421	-0.87964857	0.00000000	90.13143791	8123.67609887
W_TST_0577	118.26856209	0.00000000	110.85000000	0.00000000	0.88073735	-0.47360502	0.00000000	0.93451543	-0.35592262	0.00000000	7.41856209	55.03506355
W_TST_0578	118.26856209	0.00000000	44.37000000	0.00000000	0.88073735	-0.47360502	0.00000000	0.69928915	0.71483892	0.00000000	73.89856209	5460.99747967
W_TST_0579	118.26856209	0.00000000	121.88000000	0.00000000	0.88073735	-0.47360502	0.00000000	0.84915610	-0.52814196	0.00000000	3.61143791	13.04248374
