RUN i	SIZE i	MIN_DEPTH d	MAX_DEPTH d
1789	4	1788.85000000	1808.85000000
