RUN i	SIZE i	MIN_DEPTH d	MAX_DEPTH d
1400	20	1399.84000000	1419.84000000
