RUN i	SIZE i	MIN_DEPTH d	MAX_DEPTH d
1630	26	1629.84000000	1649.84000000
