RUN i	SIZE i	MIN_DEPTH d	MAX_DEPTH d
1753	22	1752.85000000	1772.85000000
