RUN i	SIZE i	MIN_DEPTH d	MAX_DEPTH d
1414	42	1413.85000000	1433.85000000
