RUN i	SIZE i	MIN_DEPTH d	MAX_DEPTH d
1690	7	1689.85000000	1709.85000000
