D1.DIPDIR d	D1.DIP d	D2.DIPDIR d	D2.DIP d	T1.X d	T1.Y d	T1.Z d	T2.X d	T2.Y d	T2.Z d	ANG d
208.18247174	60.02529203	208.18247174	52.44236768	-0.23595999	-0.44038698	-0.86624603	-0.28788328	-0.53729467	-0.79274060	7.58292435
208.18247174	60.02529203	208.18247174	88.89558903	-0.23595999	-0.44038698	-0.86624603	-0.00910294	-0.01698939	-0.99981423	28.87029700
208.18247174	60.02529203	208.18247174	72.25850943	-0.23595999	-0.44038698	-0.86624603	-0.14391485	-0.26859734	-0.95244107	12.23321741
208.18247174	60.02529203	208.18247174	55.54000711	-0.23595999	-0.44038698	-0.86624603	-0.26723114	-0.49875028	-0.82452148	4.48528492
208.18247174	60.02529203	208.18247174	50.87381169	-0.23595999	-0.44038698	-0.86624603	-0.29802377	-0.55622051	-0.77575806	9.15148034
208.18247174	60.02529203	208.18247174	88.52462096	-0.23595999	-0.44038698	-0.86624603	-0.01216000	-0.02269497	-0.99966848	28.49932893
208.18247174	60.02529203	208.18247174	20.73423807	-0.23595999	-0.44038698	-0.86624603	-0.44169273	-0.82435892	-0.35403377	39.29105395
