RUN i	SIZE i	MIN_DEPTH d	MAX_DEPTH d
1429	29	1428.84000000	1448.84000000
