RUN i	SIZE i	MIN_DEPTH d	MAX_DEPTH d
1485	22	1484.84000000	1504.84000000
