RUN i	SIZE i	MIN_DEPTH d	MAX_DEPTH d
1573	14	1572.84000000	1592.84000000
