RUN i	SIZE i	MIN_DEPTH d	MAX_DEPTH d
1481	12	1480.85000000	1500.85000000
