RUN i	SIZE i	MIN_DEPTH d	MAX_DEPTH d
1653	16	1652.85000000	1672.85000000
