RUN i	SIZE i	MIN_DEPTH d	MAX_DEPTH d
1797	3	1796.85000000	1816.85000000
