RUN i	SIZE i	MIN_DEPTH d	MAX_DEPTH d
1540	26	1539.85000000	1559.85000000
