RUN i	SIZE i	MIN_DEPTH d	MAX_DEPTH d
1524	17	1523.84000000	1543.84000000
