RUN i	SIZE i	MIN_DEPTH d	MAX_DEPTH d
1625	22	1624.85000000	1644.85000000
