D1.DIPDIR d	D1.DIP d	D2.DIPDIR d	D2.DIP d	T1.X d	T1.Y d	T1.Z d	T2.X d	T2.Y d	T2.Z d	ANG d
41.49188712	13.43714473	41.49188712	16.59000000	0.64437796	0.72854463	-0.23237850	0.63493514	0.71786842	-0.28552110	3.15285527
41.49188712	13.43714473	41.49188712	49.07000000	0.64437796	0.72854463	-0.23237850	0.43403709	0.49072968	-0.75551054	35.63285527
41.49188712	13.43714473	41.49188712	34.35000000	0.64437796	0.72854463	-0.23237850	0.54697567	0.61841995	-0.56424674	20.91285527
41.49188712	13.43714473	41.49188712	51.63000000	0.64437796	0.72854463	-0.23237850	0.41124718	0.46496303	-0.78401858	38.19285527
41.49188712	13.43714473	41.49188712	59.58000000	0.64437796	0.72854463	-0.23237850	0.33545389	0.37926985	-0.86233698	46.14285527
41.49188712	13.43714473	41.49188712	3.70000000	0.64437796	0.72854463	-0.23237850	0.66113306	0.74748823	-0.06453231	9.73714473
41.49188712	13.43714473	41.49188712	48.98000000	0.64437796	0.72854463	-0.23237850	0.43482279	0.49161801	-0.75448053	35.54285527
41.49188712	13.43714473	41.49188712	24.00000000	0.64437796	0.72854463	-0.23237850	0.60523665	0.68429080	-0.40673664	10.56285527
