RUN i	SIZE i	MIN_DEPTH d	MAX_DEPTH d
1470	21	1469.85000000	1489.85000000
