RUN i	SIZE i	MIN_DEPTH d	MAX_DEPTH d
1527	16	1526.84000000	1546.84000000
