RUN i	SIZE i	MIN_DEPTH d	MAX_DEPTH d
1639	25	1638.84000000	1658.84000000
