RUN i	SIZE i	MIN_DEPTH d	MAX_DEPTH d
1695	5	1694.85000000	1714.85000000
