ID s	D1.DIPDIR d	D1.DIP d	D2.DIPDIR d	D2.DIP d	T1.X d	T1.Y d	T1.Z d	T2.X d	T2.Y d	T2.Z d	ANG d	MSFT d
W_TST_0572	148.23352699	19.92315914	148.23352699	41.98987643	0.49495010	-0.79931677	-0.34075959	0.39129706	-0.63192291	-0.66899929	22.06671730	486.94001222
W_TST_0573	148.23352699	19.92315914	148.23352699	45.37648583	0.49495010	-0.79931677	-0.34075959	0.36980817	-0.59721955	-0.71173782	25.45332669	647.87183971
W_TST_0574	148.23352699	19.92315914	148.23352699	11.32441465	0.49495010	-0.79931677	-0.34075959	0.51620881	-0.83364840	-0.19636398	8.59874448	73.93840670
W_TST_0575	148.23352699	19.92315914	148.23352699	14.09414521	0.49495010	-0.79931677	-0.34075959	0.51061036	-0.82460722	-0.24351590	5.82901393	33.97740336
W_TST_0576	148.23352699	19.92315914	148.23352699	32.15631595	0.49495010	-0.79931677	-0.34075959	0.44569925	-0.71977940	-0.53223096	12.23315681	149.65012558
W_TST_0577	148.23352699	19.92315914	148.23352699	45.20860357	0.49495010	-0.79931677	-0.34075959	0.37090449	-0.59899004	-0.70967654	25.28544444	639.35370033
W_TST_0578	148.23352699	19.92315914	148.23352699	23.47979273	0.49495010	-0.79931677	-0.34075959	0.48286797	-0.77980482	-0.39842561	3.55663359	12.64964250
W_TST_0579	148.23352699	19.92315914	148.23352699	17.58811318	0.49495010	-0.79931677	-0.34075959	0.50184823	-0.81045688	-0.30217213	2.33504596	5.45243963
