RUN i	SIZE i	MIN_DEPTH d	MAX_DEPTH d
1673	5	1672.85000000	1692.85000000
