D1.DIPDIR d	D1.DIP d	D2.DIPDIR d	D2.DIP d	T1.X d	T1.Y d	T1.Z d	T2.X d	T2.Y d	T2.Z d	ANG d
236.21084701	55.86529495	236.21084701	55.54000711	-0.46635810	-0.31207170	-0.82772059	-0.47025606	-0.31468009	-0.82452148	0.32528784
236.21084701	55.86529495	236.21084701	50.87381169	-0.46635810	-0.31207170	-0.82772059	-0.52444295	-0.35094019	-0.77575806	4.99148326
236.21084701	55.86529495	236.21084701	88.52462096	-0.46635810	-0.31207170	-0.82772059	-0.02139838	-0.01431910	-0.99966848	32.65932600
236.21084701	55.86529495	236.21084701	20.73423807	-0.46635810	-0.31207170	-0.82772059	-0.77726228	-0.52011868	-0.35403377	35.13105688
236.21084701	55.86529495	236.21084701	81.14585520	-0.46635810	-0.31207170	-0.82772059	-0.12792105	-0.08560061	-0.98808337	25.28056025
236.21084701	55.86529495	236.21084701	65.37298434	-0.46635810	-0.31207170	-0.82772059	-0.34632297	-0.23174809	-0.90903973	9.50768939
236.21084701	55.86529495	236.21084701	43.85222344	-0.46635810	-0.31207170	-0.82772059	-0.59932298	-0.40104748	-0.69280075	12.01307151
236.21084701	55.86529495	236.21084701	84.87691298	-0.46635810	-0.31207170	-0.82772059	-0.07421269	-0.04966072	-0.99600517	29.01161803
