RUN i	SIZE i	MIN_DEPTH d	MAX_DEPTH d
1421	23	1420.84000000	1440.84000000
