RUN i	SIZE i	MIN_DEPTH d	MAX_DEPTH d
1368	29	1367.84000000	1387.84000000
