RUN i	SIZE i	MIN_DEPTH d	MAX_DEPTH d
1542	22	1541.85000000	1561.85000000
