RUN i	SIZE i	MIN_DEPTH d	MAX_DEPTH d
1503	35	1502.85000000	1522.85000000
