ID s	D1.DIPDIR d	D1.DIP d	D2.DIPDIR d	D2.DIP d	T1.X d	T1.Y d	T1.Z d	T2.X d	T2.Y d	T2.Z d	ANG d	MSFT d
W_TST_0487	256.95345213	19.71426124	256.95345213	87.47643317	-0.91708659	-0.21251103	-0.33732959	-0.04289376	-0.00993952	-0.99903020	67.76217194	4591.71194539
W_TST_0488	256.95345213	19.71426124	256.95345213	50.05470696	-0.91708659	-0.21251103	-0.33732959	-0.62548249	-0.14493935	-0.76665784	30.34044572	920.54264650
W_TST_0489	256.95345213	19.71426124	256.95345213	53.32439822	-0.91708659	-0.21251103	-0.33732959	-0.58186598	-0.13483235	-0.80203006	33.61013698	1129.64130801
W_TST_0490	256.95345213	19.71426124	256.95345213	78.59585253	-0.91708659	-0.21251103	-0.33732959	-0.19262434	-0.04463569	-0.98025686	58.88159130	3467.04179353
W_TST_0491	256.95345213	19.71426124	256.95345213	45.18231071	-0.91708659	-0.21251103	-0.33732959	-0.68665886	-0.15911538	-0.70935316	25.46804947	648.62154374
W_TST_0492	256.95345213	19.71426124	256.95345213	82.47835204	-0.91708659	-0.21251103	-0.33732959	-0.12752184	-0.02954988	-0.99139547	62.76409081	3939.33109472
W_TST_0493	256.95345213	19.71426124	256.95345213	41.36749049	-0.91708659	-0.21251103	-0.33732959	-0.73111387	-0.16941668	-0.66088615	21.65322925	468.86233699
W_TST_0494	256.95345213	19.71426124	256.95345213	53.12937391	-0.91708659	-0.21251103	-0.33732959	-0.58452210	-0.13544784	-0.79999237	33.41511267	1116.56975472
