ID s	D1.DIPDIR d	D1.DIP d	D2.DIPDIR d	D2.DIP d	T1.X d	T1.Y d	T1.Z d	T2.X d	T2.Y d	T2.Z d	ANG d	MSFT d
W_TST_0567	357.27790529	27.05350889	357.27790529	24.00000000	-0.04229521	0.88957725	-0.45482242	-0.04338578	0.91251465	-0.40673664	3.05350889	9.32391653
W_TST_0568	357.27790529	27.05350889	357.27790529	48.98000000	-0.04229521	0.88957725	-0.45482242	-0.03116983	0.65558186	-0.75448053	21.92649111	480.77101247
W_TST_0569	357.27790529	27.05350889	357.27790529	3.70000000	-0.04229521	0.88957725	-0.45482242	-0.04739265	0.99678961	-0.06453231	23.35350889	545.38637740
W_TST_0570	357.27790529	27.05350889	357.27790529	59.58000000	-0.04229521	0.88957725	-0.45482242	-0.02404667	0.50576348	-0.86233698	32.52649111	1057.97262403
W_TST_0571	357.27790529	27.05350889	357.27790529	51.63000000	-0.04229521	0.88957725	-0.45482242	-0.02947984	0.62003694	-0.78401858	24.57649111	604.00391536
